1,8批次食品不合格 涉及水果制品、调味品等,2019-07-15 20:26:58,市场监管总局,广西利洋信和水产贸易有限公司,/,南宁润平商业有限公司,广西壮族自治区南宁市大学东路75号,福寿鱼,/,/,,,,呋喃唑酮代谢物,2.55μg/kg,不得检出,,深圳出入境检验检疫局食品检验检疫技术中心,http://www.cqn.com.cn/ms/content/2019-07/15/content_7315311.htm
2,8批次食品不合格 涉及水果制品、调味品等,2019-07-15 20:26:58,市场监管总局,广西利洋信和水产贸易有限公司,广西壮族自治区柳州市柳南区航三路东苑小区三区5号,北海润福商业有限公司,广西壮族自治区北海市四川南路与新世纪大道交汇处东南角,草鱼,/,/,,,,孔雀石绿,4.10μg/kg,不得检出,,深圳出入境检验检疫局食品检验检疫技术中心,http://www.cqn.com.cn/ms/content/2019-07/15/content_7315311.htm
3,8批次食品不合格 涉及水果制品、调味品等,2019-07-15 20:26:58,市场监管总局,/,/,昆明家乐福超市有限公司白云分店,云南省昆明市盘龙区北京路1035号,ST菠菜,散装,/,,,,毒死蜱,0.96mg/kg,≤0.1mg/kg,,初检机构：成都市食品药品检验研究院；复检机构：中国测试技术研究院,http://www.cqn.com.cn/ms/content/2019-07/15/content_7315311.htm
4,8批次食品不合格 涉及水果制品、调味品等,2019-07-15 20:26:58,市场监管总局,/,/,江西步步高商业连锁有限责任公司鄱阳购物广场,江西省南昌市鄱阳县鄱阳镇滨洲路与新民路交汇处,豇豆,散装,/,,,,灭蝇胺,1.8mg/kg,≤0.5mg/kg,,南京市食品药品监督检验院,http://www.cqn.com.cn/ms/content/2019-07/15/content_7315311.htm
5,8批次食品不合格 涉及水果制品、调味品等,2019-07-15 20:26:58,市场监管总局,四川光友薯业有限公司,绵阳高新区路南工业区火炬西街南段8号,绵阳市西点商贸有限公司,绵阳高新区普明寺前街90号1楼,红薯淀粉,200克/7.1盎司/袋,图形商标,2019/1/25,,,菌落总数,"3.7×104, 4.6×104, 4.4×104, 3.7×104, 3.4×104","n=5, c=2, m=10000, M=100000",,武汉食品化妆品检验所,http://www.cqn.com.cn/ms/content/2019-07/15/content_7315311.htm
6,8批次食品不合格 涉及水果制品、调味品等,2019-07-15 20:26:58,市场监管总局,四川光友薯业有限公司,绵阳高新区路南工业区火炬西街南段8号,绵阳市西点商贸有限公司,绵阳高新区普明寺前街90号1楼,红薯淀粉,200克/7.1盎司/袋,图形商标,2019/1/25,,,大肠菌群,"1.8×102, 3.7×102, 3.2×102, 2.7×102, 3.1×102","n=5, c=2, m=100, M=1000",,武汉食品化妆品检验所,http://www.cqn.com.cn/ms/content/2019-07/15/content_7315311.htm
7,8批次食品不合格 涉及水果制品、调味品等,2019-07-15 20:26:58,市场监管总局,生产商：上海益民食品一厂有限公司；经销商：上海光明食品销售有限公司,生产商地址：上海市奉贤区汇丰北路988号,上海环球超市管理发展有限公司冷饮站,上海市杨浦区内江路466号,大白雪牛奶雪糕,"3.1×105, 6.2×105, 7.9×105, 1.2×106, 1.1×105 CFU/g",光明牌及图形商标,菌落总数,2019/1/13,70克/袋," n=5, c=2, m=2.5×104, M=105CFU/g",上海市食品药品检验所,经上海市市场监管局核实，该批次产品不合格是上海环球超市管理发展有限公司冷饮站存储该产品的冰柜制冷系统发生故障导致。,,,http://www.cqn.com.cn/ms/content/2019-07/15/content_7315311.htm
8,3批次保健食品监督抽检不合格,2019-05-24 18:06:00,市场监管总局,,,,,,,,,,,,,,,,http://www.cqn.com.cn/ms/content/2019-05/24/content_7148974.htm
9,4类食品10批次样品抽检不合格,2019-05-31 21:37:46,市场监管总局,银川凯利福食品有限公司,宁夏银川市贺兰县金贵镇汉佐村4队,淘宝伊玛目清真商城,https://item.taobao.com/item.htm?spm=a230r.1.14.22.5de47272y2ugsX&id=570956658125&ns=1&abbucket=9#detail,豆沙千层手撕面包,268克/袋,凯利福及图形商标,2018/10/3,,,酸价(以脂肪计),13.4mg/g,≤5mg/g,,初检机构：宁波出入境检验检疫局检验检疫技术中心；复检机构：宁夏回族自治区食品检测研究院,http://www.cqn.com.cn/ms/content/2019-05/31/content_7174323.htm
10,59批（台）医疗器械产品不符合标准规定,2019-06-05 16:21:50,国家药监局,保定长城临床试剂有限公司,,保定长城临床试剂有限公司,,河北省食品药品监督管理局　,试剂1:50mL×2 试剂2:20mL×1　,,,20180412,,1.准确度；2.线性　,,,,北京市医疗器械检验所,http://www.cqn.com.cn/ms/content/2019-06/05/content_7188350.htm
11,8批次食品不合格 涉及水果制品、调味品等,2019-07-15 20:26:58,市场监管总局,福建龙岩晋龙食品有限公司,龙岩市新罗区西陂街道福建龙州工业园园八路10号,福建新华都综合百货有限公司,福州市鼓楼区五四路162号,红心李干,168克/盒,惠享,2019/1/4,,,铅（以Pb计）,1.48 mg/kg,≤1.0 mg/kg,,初检机构：国家糖业质量监督检验中心；复检机构：福建省产品质量检验研究院,http://www.cqn.com.cn/ms/content/2019-07/15/content_7315311.htm
12,3批次保健食品监督抽检不合格,2019-05-24 18:06:00,市场监管总局,,,,,,,,,,,,,,,,http://www.cqn.com.cn/ms/content/2019-05/24/content_7148974.htm
13,3批次保健食品监督抽检不合格,2019-05-24 18:06:00,市场监管总局,,,,,,,,,,,,,,,,http://www.cqn.com.cn/ms/content/2019-05/24/content_7148974.htm
14,4类食品10批次样品抽检不合格,2019-05-31 21:37:46,市场监管总局,委托方：乌鲁木齐西域之尚电子商务有限公司；受委托方：潍坊万利来食品有限公司,委托方：新疆乌鲁木齐市沙依巴克区平顶山东一路238号汇嘉小区北区8栋5层3单元501；                  受委托方：山东省潍坊市临朐县城山旺路西首,京东商城西域之尚旗舰店,https://item.jd.com/15421704408.html,圣女果干,5.64g/kg,西域之尚+图形商标,二氧化硫残留量,2018/9/30,208g/袋,≤0.35g/kg,成都市食品药品检验研究院,经山东省市场监管局核实，该批次产品与标称受委托方无任何关系。,,,http://www.cqn.com.cn/ms/content/2019-05/31/content_7174323.htm
15,4类食品10批次样品抽检不合格,2019-05-31 21:37:46,市场监管总局,聊城市奥祥禽业有限公司,山东省聊城江北水城旅游度假区朱老庄镇新城海村,江西省宜春市比一比贸易有限责任公司,江西省宜春市袁州区中山中路661-667号,三黄鸡,散装,/,土霉素,,,369μg/kg,≤100μg/kg,湖南省产商品质量监督检验研究院,,经山东省市场监管局核实，该产品并非来自聊城市奥祥禽业有限公司。,http://www.cqn.com.cn/ms/content/2019-05/31/content_7174323.htm
16,59批（台）医疗器械产品不符合标准规定,2019-06-05 16:21:50,国家药监局,洛阳恒恩生物科技有限公司,,洛阳恒恩生物科技有限公司,,河南省食品药品监督管理局　,R1：60mL×1 R2：15mL×1　,,,2018-04-04180404,,重复性　,,,,浙江省医疗器械检验研究院,http://www.cqn.com.cn/ms/content/2019-06/05/content_7188350.htm
17,59批（台）医疗器械产品不符合标准规定,2019-06-05 16:21:50,国家药监局,江苏凯尔特医疗科技有限公司,,江苏凯尔特医疗科技有限公司,,江苏省食品药品监督管理局　,KYNCB-12　,,,2018.05.2818052803,,1.配合性能；2.密封性和阻气性　,,,,上海市医疗器械检测所,http://www.cqn.com.cn/ms/content/2019-06/05/content_7188350.htm
18,8批次食品不合格 涉及水果制品、调味品等,2019-07-15 20:26:58,市场监管总局,进口商：广州市吉葡园商贸有限公司（原产国：意大利）,进口商地址：广州市番禺区南村镇兴南大道563号1栋101,沃尔玛（湖南）商业零售有限公司长沙劳动东路山姆会员商店,湖南省长沙市雨花区劳动东路268号,健康多分摩德纳香醋（酿造食醋）,500毫升/瓶,CIRIO,2018/5/28,,,总酸（以乙酸计）,5.96g/100mL,≥9.62g/100ml,,初检结构：湖南省产商品质量监督检验研究院；复检机构：中国检验认证集团湖南有限公司,http://www.cqn.com.cn/ms/content/2019-07/15/content_7315311.htm
19,4类食品10批次样品抽检不合格,2019-05-31 21:37:46,市场监管总局,聊城市奥祥禽业有限公司,山东省聊城江北水城旅游度假区朱老庄镇新城海村,江西省宜春市比一比贸易有限责任公司,江西省宜春市袁州区中山中路661-667号,三黄鸡,散装,/,替米考星,,,144μg/kg,≤75μg/kg,湖南省产商品质量监督检验研究院,,经山东省市场监管局核实，该产品并非来自聊城市奥祥禽业有限公司。,http://www.cqn.com.cn/ms/content/2019-05/31/content_7174323.htm
20,4类食品10批次样品抽检不合格,2019-05-31 21:37:46,市场监管总局,/,/,江西省上饶县九婉冷冻品批发商行,江西省上饶市上饶县城南新区城南大道农产品交易城6栋117、118、136号,草鸡蛋,散装,/,氟苯尼考,,,0.7μg/kg,不得检出,南京市食品药品监督检验院,,/,http://www.cqn.com.cn/ms/content/2019-05/31/content_7174323.htm
21,59批（台）医疗器械产品不符合标准规定,2019-06-05 16:21:50,国家药监局,常州健瑞宝医疗器械有限公司,,常州健瑞宝医疗器械有限公司,,江苏省食品药品监督管理局　,JW12TLV　,,,2018.03.15CEC007,,配合性能　,,,,上海市医疗器械检测所,http://www.cqn.com.cn/ms/content/2019-06/05/content_7188350.htm
22,59批（台）医疗器械产品不符合标准规定,2019-06-05 16:21:50,国家药监局,江苏特普优微创医疗科技有限公司,,江苏特普优微创医疗科技有限公司,,江苏省食品药品监督管理局　,TPYCQB-12　,,,2018.05.07CQB1805001,,配合性能　,,,,上海市医疗器械检测所,http://www.cqn.com.cn/ms/content/2019-06/05/content_7188350.htm
23,4类食品10批次样品抽检不合格,2019-05-31 21:37:46,市场监管总局,/,/,江西省南昌青山湖大润发商业有限公司,江西省南昌市青山湖区高新大道8号,杭椒（辣椒）,散装,/,氧乐果,,,0.09mg/kg,≤0.02mg/kg,南京市食品药品监督检验院,,/,http://www.cqn.com.cn/ms/content/2019-05/31/content_7174323.htm
24,4类食品10批次样品抽检不合格,2019-05-31 21:37:46,市场监管总局,/,/,广西壮族自治区林著,广西壮族自治区南宁市江南区乐村路6号富德海鲜批发交易市场农贸摊15号,芹菜,/,/,毒死蜱,,,0.138mg/kg,≤0.05mg/kg,深圳出入境检验检疫局食品检验检疫技术中心,,/,http://www.cqn.com.cn/ms/content/2019-05/31/content_7174323.htm
25,59批（台）医疗器械产品不符合标准规定,2019-06-05 16:21:50,国家药监局,常州海尔斯医疗器械科技有限公司,,常州海尔斯医疗器械科技有限公司,,江苏省食品药品监督管理局　,HASCCA-15　,,,2017.10.174015171017,,配合性能　,,,,上海市医疗器械检测所,http://www.cqn.com.cn/ms/content/2019-06/05/content_7188350.htm
26,59批（台）医疗器械产品不符合标准规定,2019-06-05 16:21:50,国家药监局,杭州桐庐医达器械设备有限公司,,杭州桐庐医达器械设备有限公司,,浙江省食品药品监督管理局　,YDCC φ5.5*95　,,,18051710,,配合性能　,,,,上海市医疗器械检测所,http://www.cqn.com.cn/ms/content/2019-06/05/content_7188350.htm
27,3类食品25批次样品抽检不合格,2019-06-12 21:24:32,市场监管总局,山东百食佳食品科技有限公司,山东省淄博市张店区新村东路198号,第一店官方旗舰店,https://diyidian.jd.com/,头道压榨一级花生油,26.1μg/kg,图形商标,黄曲霉毒素B1,2018/3/14,1L/瓶,≤20μg/kg,初检机构：武汉食品化妆品检验所；复检机构：山东省食品药品检验研究院,执行标准：GB1534；质量等级：一级；加工工艺：压榨,,,http://www.cqn.com.cn/ms/content/2019-06/12/content_7208181.htm
28,3批次食品抽检不合格,2019-06-20 20:42:48,市场监管总局,,,,,,,,,,,,,,,,http://www.cqn.com.cn/ms/content/2019-06/20/content_7235666.htm
29,3批次食品抽检不合格,2019-06-20 20:42:48,市场监管总局,艾斯普瑞（广州）食品有限公司（中国经销商）原产国：葡萄牙,广州市天河区龙口西路1号1201房,哈尔滨市道里区鑫爱特孕婴用品商店,哈尔滨市道里区新阳路346号1层2号,婴幼儿多种谷物混合水果米粉,0.271mg/100kJ,2018-6-21,钠,爷爷的农场,225g/盒,≤24.0mg/100kJ,0.6mg/100kJ,黑龙江省质量监督检测研究院,,,http://www.cqn.com.cn/ms/content/2019-06/20/content_7235666.htm
30,4类食品10批次样品抽检不合格,2019-05-31 21:37:46,市场监管总局,/,/,广西壮族自治区粟阳春,广西壮族自治区南宁市江南区五一西路延长线广西南宁市仁义市场开发有限公司K栋238号铺面,沃柑,/,/,克百威,,,0.108mg/kg,≤0.02mg/kg,深圳出入境检验检疫局食品检验检疫技术中心,,/,http://www.cqn.com.cn/ms/content/2019-05/31/content_7174323.htm
31,4类食品10批次样品抽检不合格,2019-05-31 21:37:46,市场监管总局,监制商：安徽百大合家福连锁超市股份有限公司 ；制造商：合肥悦康农副产品有限公司,监制商地址：安徽省合肥市马鞍山南路502号；制造商地址：安徽省合肥杏花村,安徽省合肥蜀山合家福连锁超市有限公司,安徽省合肥市高新区长江西路与天通路交叉口,土鸡蛋,散装,/,恩诺沙星（以恩诺沙星与环丙沙星之和计）,,,666μg/kg,不得检出,宁波出入境检验检疫局检验检疫技术中心,,/,http://www.cqn.com.cn/ms/content/2019-05/31/content_7174323.htm
32,59批（台）医疗器械产品不符合标准规定,2019-06-05 16:21:50,国家药监局,常州市微凯医疗科技有限公司,,常州市微凯医疗科技有限公司,,江苏省食品药品监督管理局　,WC10M　,,,2018.05.21180502WC10M,,配合性能　,,,,上海市医疗器械检测所,http://www.cqn.com.cn/ms/content/2019-06/05/content_7188350.htm
33,59批（台）医疗器械产品不符合标准规定,2019-06-05 16:21:50,国家药监局,江苏明朗医疗器械科技有限公司,,江苏明朗医疗器械科技有限公司,,江苏省食品药品监督管理局　,MC10.5SB　,,,2018.04.03MC10.5SB1804009,,配合性能　,,,,上海市医疗器械检测所,http://www.cqn.com.cn/ms/content/2019-06/05/content_7188350.htm
34,3类食品25批次样品抽检不合格,2019-06-12 21:24:32,市场监管总局,黑龙江省镜泊蜂业有限公司,哈尔滨市平房区平房镇黎明村,蜜蜂的故事食品官方旗舰店,https://item.yhd.com/30283931613.html,土蜂蜜,400克/盒,/,2019/1/3,,,诺氟沙星,3.85μg/kg,不得检出,,国家肉类食品质量监督检验中心,http://www.cqn.com.cn/ms/content/2019-06/12/content_7208181.htm
35,3类食品25批次样品抽检不合格,2019-06-12 21:24:32,市场监管总局,黑龙江省镜泊蜂业有限公司,哈尔滨市平房区平房镇黎明村,蜜蜂的故事食品官方旗舰店,https://item.yhd.com/30283931613.html,土蜂蜜,400克/盒,/,2019/1/3,,,嗜渗酵母计数,5.2×103CFU/g,≤200 CFU/g,,国家肉类食品质量监督检验中心,http://www.cqn.com.cn/ms/content/2019-06/12/content_7208181.htm
36,3批次食品抽检不合格,2019-06-20 20:42:48,市场监管总局,艾斯普瑞（广州）食品有限公司（中国经销商）原产国：法国,广州市天河区龙口西路1号1201房,哈尔滨市道里区鑫爱特孕婴用品商店,哈尔滨市道里区新阳路346号1层2号,苹果樱桃香蕉泥,1.31mg/100g,2018-10-1,总钠,爷爷的农场,90g/袋,≤200mg/100g,12mg/100g,黑龙江省质量监督检测研究院,,,http://www.cqn.com.cn/ms/content/2019-06/20/content_7235666.htm
37,4类食品10批次样品抽检不合格,2019-05-31 21:37:46,市场监管总局,生产企业：永寿县五凤生态种养专业合作社,陕西省西安市雁塔区华城万象商业区,四川华润万家好来超市有限公司西安南关正街分公司,陕西省西安市碑林区南关正街88号国贸春天广场二期负一层GC01号商铺,源朴柴鸡蛋,450克,/,氟苯尼考,,,0.63μg/kg,不得检出,河南省产品质量监督检验院,,/,http://www.cqn.com.cn/ms/content/2019-05/31/content_7174323.htm
38,4类食品10批次样品抽检不合格,2019-05-31 21:37:46,市场监管总局,重庆豆奇食品有限公司,重庆市九龙坡区铜罐驿镇建设村80号内,甘肃国芳综合超市有限公司长虹店,甘肃省兰州市城关区民主西路195号,山椒凤爪（辐照食品）,270000CFU/g；＜10CFU/g；27000CFU/g；2800000CFU/g；25CFU/g,奇爽+图形商标,菌落总数,2018/5/27,170克/袋,n=5，c=2，m=104CFU/g，M=105CFU/g,四川省食品药品检验检测院,经重庆市市场监管局核实，该批次产品并非由重庆豆奇食品有限公司生产。,,,http://www.cqn.com.cn/ms/content/2019-05/31/content_7174323.htm
39,59批（台）医疗器械产品不符合标准规定,2019-06-05 16:21:50,国家药监局,常州健瑞宝医疗器械有限公司,,常州健瑞宝医疗器械有限公司,,江苏省食品药品监督管理局　,NKTL10　,,,2017.04. 25CDD025,,配合性能　,,,,上海市医疗器械检测所,http://www.cqn.com.cn/ms/content/2019-06/05/content_7188350.htm
40,59批（台）医疗器械产品不符合标准规定,2019-06-05 16:21:50,国家药监局,泰州莱赛医疗器械有限公司,,泰州莱赛医疗器械有限公司,,江苏省食品药品监督管理局　,【6.0mm】　,,,2018-03-021803021,,配合性能　,,,,上海市医疗器械检测所,http://www.cqn.com.cn/ms/content/2019-06/05/content_7188350.htm
41,3类食品25批次样品抽检不合格,2019-06-12 21:24:32,市场监管总局,黑龙江省镜泊蜂业有限公司,哈尔滨市平房区平房镇黎明村,蜜蜂的故事食品官方旗舰店,https://item.yhd.com/30283931613.html,土蜂蜜,400克/盒,/,2019/1/3,,,菌落总数,2.1×103CFU/g,≤1000 CFU/g,,国家肉类食品质量监督检验中心,http://www.cqn.com.cn/ms/content/2019-06/12/content_7208181.htm
42,3类食品25批次样品抽检不合格,2019-06-12 21:24:32,市场监管总局,浙江一派食品有限公司,兰溪市轻工工业专业区越中路,福事多京东自营旗舰店,https://item.jd.com/7294595.html,黑蜂乳蜜,500克/瓶,图形,2018/11/5,,,诺氟沙星,3.23μg/kg,不得检出,,初检机构：国家肉类食品质量监督检验中心；复检机构：宁波出入境检验检疫局技术中心,http://www.cqn.com.cn/ms/content/2019-06/12/content_7208181.htm
43,59批（台）医疗器械产品不符合标准规定,2019-06-05 16:21:50,国家药监局,无锡市神康医疗器械设备有限公司,,无锡市神康医疗器械设备有限公司,,江苏省食品药品监督管理局　,STD-12　,,,2018.05.221805221,,1.外观；2.配合性能；3.密封性和阻气性　,,,,上海市医疗器械检测所,http://www.cqn.com.cn/ms/content/2019-06/05/content_7188350.htm
44,59批（台）医疗器械产品不符合标准规定,2019-06-05 16:21:50,国家药监局,无锡市神康医疗器械设备有限公司,,无锡市神康医疗器械设备有限公司,,江苏省食品药品监督管理局　,STD-12　,,,2018.05.201805201,,1.外观；2.配合性能；3.密封性和阻气性　,,,,上海市医疗器械检测所,http://www.cqn.com.cn/ms/content/2019-06/05/content_7188350.htm
45,3类食品25批次样品抽检不合格,2019-06-12 21:24:32,市场监管总局,云南神农肉业食品有限公司,云南省昆明市经开区拓翔路138号,昆明市盘龙区艳梅鲜肉经营部,云南省昆明市盘龙区东华新迎农贸市场G16号商铺,猪肝,散装,/,,,,五氯酚酸钠（以五氯酚计）,3.0×102μg/kg,不得检出,,成都市食品药品检验研究院,http://www.cqn.com.cn/ms/content/2019-06/12/content_7208181.htm
46,3类食品25批次样品抽检不合格,2019-06-12 21:24:32,市场监管总局,/,/,南昌市东湖区新公园路集贸市场熊林华摊位,江西省南昌市新公园路集贸市场水产类1号,黑鱼（淡水鱼）,散装,/,,,,氧氟沙星,17.2μg/kg,不得检出,,南京市食品药品监督检验院,http://www.cqn.com.cn/ms/content/2019-06/12/content_7208181.htm
47,59批（台）医疗器械产品不符合标准规定,2019-06-05 16:21:50,国家药监局,无锡市瑞源普斯医疗器械有限公司,,无锡市瑞源普斯医疗器械有限公司,,江苏省食品药品监督管理局　,RTD12　,,,2018.04.171804172,,1.外观；2.配合性能；3.密封性和阻气性　,,,,上海市医疗器械检测所,http://www.cqn.com.cn/ms/content/2019-06/05/content_7188350.htm
48,59批（台）医疗器械产品不符合标准规定,2019-06-05 16:21:50,国家药监局,无锡市瑞源普斯医疗器械有限公司,,无锡市瑞源普斯医疗器械有限公司,,江苏省食品药品监督管理局　,RTD-12　,,,2018.05.281805281,,1.外观；2.配合性能；3.密封性和阻气性　,,,,上海市医疗器械检测所,http://www.cqn.com.cn/ms/content/2019-06/05/content_7188350.htm
49,3类食品25批次样品抽检不合格,2019-06-12 21:24:32,市场监管总局,/,/,黄金木,广西壮族自治区南宁市江南区乐村路6号富德海鲜批发交易市场夜市区84号,基围虾,/,/,,,,呋喃唑酮代谢物,15.6μg/kg,不得检出,,深圳出入境检验检疫局食品检验检疫技术中心,http://www.cqn.com.cn/ms/content/2019-06/12/content_7208181.htm
50,3类食品25批次样品抽检不合格,2019-06-12 21:24:32,市场监管总局,/,/,海口美兰张莉水产品行,海南省海口市美兰区新埠岛新埠路8号海口水产品综合批发市场C栋一层59号,黄骨鱼,散装称重,/,,,,孔雀石绿,2.26μg/kg,不得检出,,国家糖业质量监督检验中心,http://www.cqn.com.cn/ms/content/2019-06/12/content_7208181.htm
51,59批（台）医疗器械产品不符合标准规定,2019-06-05 16:21:50,国家药监局,欣瑞德（江苏）医疗科技有限公司,,欣瑞德（江苏）医疗科技有限公司,,江苏省食品药品监督管理局　,XCCA-12-100　,,,2018.03.0618030601,,密封性和阻气性　,,,,上海市医疗器械检测所,http://www.cqn.com.cn/ms/content/2019-06/05/content_7188350.htm
52,59批（台）医疗器械产品不符合标准规定,2019-06-05 16:21:50,国家药监局,常州杰瑞尔医疗器械有限公司,,常州杰瑞尔医疗器械有限公司,,江苏省食品药品监督管理局　,J5-110（A）　,,,2018.05.191805003,,密封性和阻气性　,,,,上海市医疗器械检测所,http://www.cqn.com.cn/ms/content/2019-06/05/content_7188350.htm
53,3类食品25批次样品抽检不合格,2019-06-12 21:24:32,市场监管总局,/,/,禄劝屏山镇小陈水产品经营店,云南省昆明市禄劝彝族苗族自治县屏山镇南街居委会东街一村南祥街148号,裸斑鱼,散装,/,,,,地西泮,1.2μg/kg,不得检出,,成都市食品药品检验研究院,http://www.cqn.com.cn/ms/content/2019-06/12/content_7208181.htm
54,3类食品25批次样品抽检不合格,2019-06-12 21:24:32,市场监管总局,/,/,郑州高新区伊发牛羊肉店,河南省郑州市高新区玉兰街16号附6号龙汇农贸市场X01、X02商铺,牛肉,计量称重,/,,,,克伦特罗,1.2μg/kg,不得检出,,国家食品质量监督检验中心,http://www.cqn.com.cn/ms/content/2019-06/12/content_7208181.htm
55,59批（台）医疗器械产品不符合标准规定,2019-06-05 16:21:50,国家药监局,广州科甫眼镜有限公司,,广州科甫眼镜有限公司,,广东省食品药品监督管理局　,360毫升 去蛋白型　,,,2018042018042001,,装量（净含量）　,,,,浙江省医疗器械检验研究院,http://www.cqn.com.cn/ms/content/2019-06/05/content_7188350.htm
56,59批（台）医疗器械产品不符合标准规定,2019-06-05 16:21:50,国家药监局,山东省文登市整骨科技开发有限公司,,山东省文登市整骨科技开发有限公司,,山东省食品药品监督管理局　,型号：HAQ03 规格：Ф4.0×25mm　,,,2017.11.131711001,,1.显微组织；2.最大扭矩和断裂扭转角　,,,,北京市医疗器械检验所,http://www.cqn.com.cn/ms/content/2019-06/05/content_7188350.htm
57,3类食品25批次样品抽检不合格,2019-06-12 21:24:32,市场监管总局,/,/,海口美兰万鸿海鲜行,海南省海口市美兰区新埠岛新埠大道8号水产品综合批发市场B栋一层22号铺位,鸡腿螺,散装称重,/,,,,氯霉素,0.92μg/kg,不得检出,,国家糖业质量监督检验中心,http://www.cqn.com.cn/ms/content/2019-06/12/content_7208181.htm
58,3类食品25批次样品抽检不合格,2019-06-12 21:24:32,市场监管总局,/,/,海南大润发商业有限公司,海南省海口市明珠路8号,贵妃蚌,散装称重,/,,,,氯霉素,0.65μg/kg,不得检出,,国家糖业质量监督检验中心,http://www.cqn.com.cn/ms/content/2019-06/12/content_7208181.htm
59,59批（台）医疗器械产品不符合标准规定,2019-06-05 16:21:50,国家药监局,aap lmplantate AG Germany,,北京百优华泰医疗科技有限公司,,北京市食品药品监督管理局　,SK 3522-18-3　,,,2017.04.06L039,,尺寸（螺纹顶径和底径）　,,,,天津市医疗器械质量监督检验中心,http://www.cqn.com.cn/ms/content/2019-06/05/content_7188350.htm
60,59批（台）医疗器械产品不符合标准规定,2019-06-05 16:21:50,国家药监局,aap Implantate AG Germany,,北京百优华泰医疗科技有限公司,,北京市食品药品监督管理局　,sk 3522-18-3 直径3.5mm 长度18mm　,,,2017.04.06L038,,尺寸（螺纹顶径和底径）　,,,,天津市医疗器械质量监督检验中心,http://www.cqn.com.cn/ms/content/2019-06/05/content_7188350.htm
61,3类食品25批次样品抽检不合格,2019-06-12 21:24:32,市场监管总局,/,/,汤阴县欧特福购物中心东关分店,河南省安阳市汤阴县城关政通东路路南,韭菜,计量称重,/,,,,腐霉利,12mg/kg,≤0.2mg/kg,,国家食品质量监督检验中心,http://www.cqn.com.cn/ms/content/2019-06/12/content_7208181.htm
62,3类食品25批次样品抽检不合格,2019-06-12 21:24:32,市场监管总局,郑州绿原春蔬菜有限公司（供货商）,河南省郑州市中牟县,永辉超市河南有限公司鹤壁万达广场分公司,河南省鹤壁市淇滨区闽江路南、华夏南路东鹤壁万达广场购物中心二层,韭菜,计量称重,/,,,,腐霉利,2.3mg/kg,≤0.2mg/kg,,国家食品质量监督检验中心,http://www.cqn.com.cn/ms/content/2019-06/12/content_7208181.htm
63,59批（台）医疗器械产品不符合标准规定,2019-06-05 16:21:50,国家药监局,江西丹美实业有限公司,,西藏现代妇产医院有限公司,,西藏自治区食品药品监督管理局　,无　,,,2017年10月06日171006,,1.断裂强力，干态（产品关键区域）；2.断裂强力，湿态（产品关键区域）　,,,,四川省医疗器械检测中心,http://www.cqn.com.cn/ms/content/2019-06/05/content_7188350.htm
64,59批（台）医疗器械产品不符合标准规定,2019-06-05 16:21:50,国家药监局,河南省安邦卫材有限公司,,西宁现代妇产医院,,青海省食品药品监督管理局　,规格：小号/型号：褂式　,,,17年9月2日170902,,胀破强力，干态（产品非关键区域）　,,,,四川省医疗器械检测中心,http://www.cqn.com.cn/ms/content/2019-06/05/content_7188350.htm
65,3类食品25批次样品抽检不合格,2019-06-12 21:24:32,市场监管总局,/,/,新乡县万德隆商贸有限公司,河南省新乡市新乡县小冀镇冀中路东段,韭菜,计量称重,/,,,,腐霉利,1.4mg/kg,≤0.2mg/kg,,国家食品质量监督检验中心,http://www.cqn.com.cn/ms/content/2019-06/12/content_7208181.htm
66,3类食品25批次样品抽检不合格,2019-06-12 21:24:32,市场监管总局,/,/,昆明家乐福超市有限公司正大店,云南省昆明市高新技术开发区二环西路与茭菱路交叉口正大紫都城内,ST菠菜,散装,/,,,,毒死蜱,1.14mg/kg,≤0.1mg/kg,,成都市食品药品检验研究院,http://www.cqn.com.cn/ms/content/2019-06/12/content_7208181.htm
67,59批（台）医疗器械产品不符合标准规定,2019-06-05 16:21:50,国家药监局,南昌市东海医疗器材有限公司,,定安县人民医院,,海南省食品药品监督管理局　,/　,,,2017年03月06日,,1.断裂强力，干态（产品关键区域）；2.断裂强力，湿态（产品关键区域）；3.无菌　,,,,四川省医疗器械检测中心,http://www.cqn.com.cn/ms/content/2019-06/05/content_7188350.htm
68,59批（台）医疗器械产品不符合标准规定,2019-06-05 16:21:50,国家药监局,新乡市康民卫材开发有限公司,,内蒙古自治区人民医院,,内蒙古自治区食品药品监督管理局　,大号　,,,2017年12月6日17120620,,1.胀破强力，干态（产品关键区域）；2.胀破强力，湿态（产品关键区域）；3.断裂强力，干态（产品关键区域）；4.断裂强力，湿态（产品关键区域）　,,,,山东省医疗器械产品质量检验中心,http://www.cqn.com.cn/ms/content/2019-06/05/content_7188350.htm
69,3类食品25批次样品抽检不合格,2019-06-12 21:24:32,市场监管总局,/,/,沃尔玛（山西）商业零售有限公司晋中安宁街分店,山西省晋中市榆次区安宁街290号,豇豆,/,/,,,,灭蝇胺,0.7mg/kg,≤0.5mg/kg,,天津市食品安全检测技术研究院,http://www.cqn.com.cn/ms/content/2019-06/12/content_7208181.htm
70,3类食品25批次样品抽检不合格,2019-06-12 21:24:32,市场监管总局,/,/,沃尔玛（山西）商业零售有限公司晋中安宁街分店,山西省晋中市榆次区安宁街290号,豇豆,/,/,,,,氟虫腈,0.04mg/kg,≤0.02mg/kg,,天津市食品安全检测技术研究院,http://www.cqn.com.cn/ms/content/2019-06/12/content_7208181.htm
71,59批（台）医疗器械产品不符合标准规定,2019-06-05 16:21:50,国家药监局,新乡市大方医疗器械制造有限公司,,国药集团湖南省医疗器械有限公司,,湖南省食品药品监督管理局　,/　,,,2018年4月1日180401,,1.断裂强力，干态（产品关键区域）；2.断裂强力，湿态（产品关键区域）　,,,,四川省医疗器械检测中心,http://www.cqn.com.cn/ms/content/2019-06/05/content_7188350.htm
72,59批（台）医疗器械产品不符合标准规定,2019-06-05 16:21:50,国家药监局,河南飘安集团有限公司,,玉林市第一人民医院,,广西壮族自治区食品药品监督管理局　,大号　,,,2017年12月2日003171201,,无菌　,,,,四川省医疗器械检测中心,http://www.cqn.com.cn/ms/content/2019-06/05/content_7188350.htm
73,3类食品25批次样品抽检不合格,2019-06-12 21:24:32,市场监管总局,/,/,深圳沃尔玛百货零售有限公司太原三墙路分店,山西省太原市三墙路东大盛世华庭2-3层,豇豆,/,/,,,,灭蝇胺,0.7mg/kg,≤0.5mg/kg,,天津市食品安全检测技术研究院,http://www.cqn.com.cn/ms/content/2019-06/12/content_7208181.htm
74,3类食品25批次样品抽检不合格,2019-06-12 21:24:32,市场监管总局,呈贡鸿腾屠宰场,云南省昆明市呈贡区洛羊街道,西山区叶正山鲜猪肉经营部,云南省昆明市西山区滇池路与广福路交叉口中央金座四季鲜农贸市场S2-26号,猪里脊肉,散装,/,,,,磺胺类（总量）,674μg/kg,≤100μg/kg,,成都市食品药品检验研究院,http://www.cqn.com.cn/ms/content/2019-06/12/content_7208181.htm
75,59批（台）医疗器械产品不符合标准规定,2019-06-05 16:21:50,国家药监局,河南省宇安医疗科技开发有限公司,,西安高新医院,,陕西省食品药品监督管理局　,120×120　,,,17100118,,1.胀破强力，干态（产品关键区域）；2.胀破强力，湿态（产品关键区域）　,,,,四川省医疗器械检测中心,http://www.cqn.com.cn/ms/content/2019-06/05/content_7188350.htm
76,59批（台）医疗器械产品不符合标准规定,2019-06-05 16:21:50,国家药监局,杭州正大医疗器械有限公司,,杭州正大医疗器械有限公司,,浙江省食品药品监督管理局　,YTQ-E　,,,2018年3月1日ATSE1802022,,1.输入功率；2.指示器　,,,,上海市医疗器械检测所,http://www.cqn.com.cn/ms/content/2019-06/05/content_7188350.htm
77,3类食品25批次样品抽检不合格,2019-06-12 21:24:32,市场监管总局,呈贡鸿腾屠宰场,云南省昆明市呈贡区洛羊街道,西山区叶正山鲜猪肉经营部,云南省昆明市西山区滇池路与广福路交叉口中央金座四季鲜农贸市场S2-26号,猪精瘦肉,散装,/,,,,磺胺类（总量）,543μg/kg,≤100μg/kg,,成都市食品药品检验研究院,http://www.cqn.com.cn/ms/content/2019-06/12/content_7208181.htm
78,3类食品25批次样品抽检不合格,2019-06-12 21:24:32,市场监管总局,/,/,昆明家乐福超市有限公司正大店,云南省昆明市高新技术开发区二环西路与茭菱路交叉口正大紫都城内,丑柑,散装,/,,,,丙溴磷,0.58mg/kg,≤0.2mg/kg,,成都市食品药品检验研究院,http://www.cqn.com.cn/ms/content/2019-06/12/content_7208181.htm
79,59批（台）医疗器械产品不符合标准规定,2019-06-05 16:21:50,国家药监局,浙江龙游蓝德医疗科技有限公司,,浙江龙游蓝德医疗科技有限公司,,浙江省食品药品监督管理局　,LD-ATS-F　,,,2018年5月24日ATSF1805001,,指示器　,,,,上海市医疗器械检测所,http://www.cqn.com.cn/ms/content/2019-06/05/content_7188350.htm
80,59批（台）医疗器械产品不符合标准规定,2019-06-05 16:21:50,国家药监局,徐州圣凯斯医疗设备有限公司,,徐州圣凯斯医疗设备有限公司,,江苏省食品药品监督管理局　,ATS-5000A　,,,2018.05.17180551002,,1.输入功率；2.连续漏电流和患者辅助电流(正常工作温度下)　,,,,上海市医疗器械检测所,http://www.cqn.com.cn/ms/content/2019-06/05/content_7188350.htm
81,3类食品25批次样品抽检不合格,2019-06-12 21:24:32,市场监管总局,/,/,海南春藤科技有限公司彩虹马生鲜超市五东路店,海南省海口市美兰区海甸五东路8号海岸经典1层,菠菜,散装称重,/,,,,毒死蜱,0.52mg/kg,≤0.1mg/kg,,国家糖业质量监督检验中心,http://www.cqn.com.cn/ms/content/2019-06/12/content_7208181.htm
82,3类食品25批次样品抽检不合格,2019-06-12 21:24:32,市场监管总局,/,/,赖开川,广西壮族自治区钦州市灵山县灵城镇丰江市场一楼,生鱼（黑鱼）,/,/,,,,磺胺类（总量）,337μg/kg,≤100μg/kg,,深圳出入境检验检疫局食品检验检疫技术中心,http://www.cqn.com.cn/ms/content/2019-06/12/content_7208181.htm
83,3类食品25批次样品抽检不合格,2019-06-12 21:24:32,市场监管总局,/,/,海口琼山苏庆平鱼摊,海南省海口市琼山区龙昆南市场,冰鲜黄花鱼,散装称重,/,,,,恩诺沙星（以恩诺沙星与环丙沙星之和计）,329μg/kg,≤100μg/kg,,国家糖业质量监督检验中心,http://www.cqn.com.cn/ms/content/2019-06/12/content_7208181.htm
84,59批（台）医疗器械产品不符合标准规定,2019-06-05 16:21:50,国家药监局,西北机器有限公司,,西北机器有限公司,,陕西省食品药品监督管理局　,XJDR3000P-Ⅱ　,,,2017.3.10DRP17001,,输入功率　,,,,北京市医疗器械检验所,http://www.cqn.com.cn/ms/content/2019-06/05/content_7188350.htm
85,59批（台）医疗器械产品不符合标准规定,2019-06-05 16:21:50,国家药监局,东莞市医脉实业有限公司,,东莞市医脉实业有限公司,,广东省食品药品监督管理局　,FDBP-W1　,,,20171226811-0000388,,1.可重复性；2.压力传感器准确性　,,,,上海市医疗器械检测所,http://www.cqn.com.cn/ms/content/2019-06/05/content_7188350.htm
86,3类食品25批次样品抽检不合格,2019-06-12 21:24:32,市场监管总局,/,/,濂溪区春天蔬菜批发部,江西省九江市濂溪区城南市场77号,韭菜,散装,/,,,,克百威,0.03mg/kg,≤0.02mg/kg,,南京市食品药品监督检验院,http://www.cqn.com.cn/ms/content/2019-06/12/content_7208181.htm
87,3类食品25批次样品抽检不合格,2019-06-12 21:24:32,市场监管总局,/,/,李建明,广西壮族自治区南宁市五一东路7号淡村商贸城商贸区5号楼第一层海鲜区12号摊,濑尿虾,/,/,,,,镉（以Cd计）,1.16mg/kg,≤0.5mg/kg,,深圳出入境检验检疫局食品检验检疫技术中心,http://www.cqn.com.cn/ms/content/2019-06/12/content_7208181.htm
88,59批（台）医疗器械产品不符合标准规定,2019-06-05 16:21:50,国家药监局,深圳市合发医疗器械有限公司,,深圳市合发医疗器械有限公司,,广东省食品药品监督管理局　,HF-A11　,,,2018/04/182018/04-1,,1.可重复性；2.压力传感器准确性　,,,,上海市医疗器械检测所,http://www.cqn.com.cn/ms/content/2019-06/05/content_7188350.htm
89,59批（台）医疗器械产品不符合标准规定,2019-06-05 16:21:50,国家药监局,深圳邦普医疗设备系统有限公司,,深圳邦普医疗设备系统有限公司,,广东省食品药品监督管理局　,WF1610B　,,,2018/03/261803024,,1.可重复性；2.压力传感器准确性　,,,,上海市医疗器械检测所,http://www.cqn.com.cn/ms/content/2019-06/05/content_7188350.htm
90,59批（台）医疗器械产品不符合标准规定,2019-06-05 16:21:50,国家药监局,深圳金亿帝医疗设备股份有限公司,,深圳金亿帝医疗设备股份有限公司,,广东省食品药品监督管理局　,BP101H　,,,KL60774,,1.可重复性；2.压力传感器准确性　,,,,上海市医疗器械检测所,http://www.cqn.com.cn/ms/content/2019-06/05/content_7188350.htm
91,59批（台）医疗器械产品不符合标准规定,2019-06-05 16:21:50,国家药监局,广州南雪医疗器械有限公司,,广州南雪医疗器械有限公司,,广东省食品药品监督管理局　,NX-8500　,,,2018050520180505010113,,1.可重复性；2.压力传感器准确性　,,,,上海市医疗器械检测所,http://www.cqn.com.cn/ms/content/2019-06/05/content_7188350.htm
92,59批（台）医疗器械产品不符合标准规定,2019-06-05 16:21:50,国家药监局,浙江省淳安县人和医疗用品工贸有限公司,,泽州县人民医院,,山西省食品药品监督管理局　,常规型 45cm×45cm　,,,2018010120180101,,无菌　,,,,山东省医疗器械产品质量检验中心,http://www.cqn.com.cn/ms/content/2019-06/05/content_7188350.htm
93,59批（台）医疗器械产品不符合标准规定,2019-06-05 16:21:50,国家药监局,江西3L医用制品集团股份有限公司,,商丘市第一人民医院,,河南省食品药品监督管理局　,45cm×45cm P-C型　,,,2017122520171225,,水蒸气透过性　,,,,安徽省食品药品检验研究院,http://www.cqn.com.cn/ms/content/2019-06/05/content_7188350.htm
94,59批（台）医疗器械产品不符合标准规定,2019-06-05 16:21:50,国家药监局,哈尔滨市天使卫生材料厂,,长春市宽城区妇幼保健计划生育服务中心,,吉林省食品药品监督管理局　,中号　,,,2018011520180105,,无菌　,,,,天津市医疗器械质量监督检验中心,http://www.cqn.com.cn/ms/content/2019-06/05/content_7188350.htm
95,59批（台）医疗器械产品不符合标准规定,2019-06-05 16:21:50,国家药监局,常州市环康医疗器械有限公司,,金乡县人民医院,,山东省食品药品监督管理局　,调节式中号　,,,2017080220170802,,抗变形能力　,,,,天津市医疗器械质量监督检验中心,http://www.cqn.com.cn/ms/content/2019-06/05/content_7188350.htm
96,59批（台）医疗器械产品不符合标准规定,2019-06-05 16:21:50,国家药监局,重庆鑫亿医疗器械有限公司,,眉山市中医医院,,四川省食品药品监督管理局　,中号B型　,,,2017年07月28日,,抗变形能力　,,,,天津市医疗器械质量监督检验中心,http://www.cqn.com.cn/ms/content/2019-06/05/content_7188350.htm
97,59批（台）医疗器械产品不符合标准规定,2019-06-05 16:21:50,国家药监局,重庆鑫亿医疗器械有限公司,,西充县人民医院,,四川省食品药品监督管理局　,大号A型　,,,2017年7月18日20170718,,尺寸(长度l)　,,,,天津市医疗器械质量监督检验中心,http://www.cqn.com.cn/ms/content/2019-06/05/content_7188350.htm
98,59批（台）医疗器械产品不符合标准规定,2019-06-05 16:21:50,国家药监局,吴江市亿成医疗器械有限公司,,吴江市亿成医疗器械有限公司,,江苏省食品药品监督管理局　,中号　,,,18 04 1018 04 10,,环氧乙烷残留量　,,,,上海市医疗器械检测所,http://www.cqn.com.cn/ms/content/2019-06/05/content_7188350.htm
99,59批（台）医疗器械产品不符合标准规定,2019-06-05 16:21:50,国家药监局,南昌市福康医疗器械有限公司,,德阳市旌阳区妇幼保健计划生育服务中心,,四川省食品药品监督管理局　,中号/轴转式　,,,20180108,,结构强度　,,,,天津市医疗器械质量监督检验中心,http://www.cqn.com.cn/ms/content/2019-06/05/content_7188350.htm
100,59批（台）医疗器械产品不符合标准规定,2019-06-05 16:21:50,国家药监局,台州康健医用器械有限公司,,昆山市中医医院,,江苏省食品药品监督管理局　,M-BMZB 中号　,,,2018020520180205,,结构强度　,,,,上海市医疗器械检测所,http://www.cqn.com.cn/ms/content/2019-06/05/content_7188350.htm
101,59批（台）医疗器械产品不符合标准规定,2019-06-05 16:21:50,国家药监局,台州康健医用器械有限公司,,昆山市中医医院,,江苏省食品药品监督管理局　,M-BMZB 中号　,,,2018041420180414,,结构强度　,,,,上海市医疗器械检测所,http://www.cqn.com.cn/ms/content/2019-06/05/content_7188350.htm
102,59批（台）医疗器械产品不符合标准规定,2019-06-05 16:21:50,国家药监局,深圳市斯玛仪器有限公司,,深圳市斯玛仪器有限公司,,广东省食品药品监督管理局　,CAGE 12mm*25mm　,,,2018.5.4SM1801,,表面粗糙度　,,,,天津市医疗器械质量监督检验中心,http://www.cqn.com.cn/ms/content/2019-06/05/content_7188350.htm
103,59批（台）医疗器械产品不符合标准规定,2019-06-05 16:21:50,国家药监局,"美国NuVasive Inc.,",,北京英普朗特科贸有限公司,,北京市食品药品监督管理局　,6808714 8╳11╳14mm　,,,2017/7/6PT3308,,尺寸　,,,,天津市医疗器械质量监督检验中心,http://www.cqn.com.cn/ms/content/2019-06/05/content_7188350.htm
104,59批（台）医疗器械产品不符合标准规定,2019-06-05 16:21:50,国家药监局,深圳市升昊科技有限公司,,深圳市升昊科技有限公司,,广东省食品药品监督管理局　,03-GF-A　,,,2017-11-08KM171108,,设备或设备部件的外部标记　,,,,上海市医疗器械检测所,http://www.cqn.com.cn/ms/content/2019-06/05/content_7188350.htm
105,59批（台）医疗器械产品不符合标准规定,2019-06-05 16:21:50,国家药监局,常州市延陵电子设备有限公司,,常州市延陵电子设备有限公司,,江苏省食品药品监督管理局　,ATS-I（单路）　,,,2018年5月14日18ATS1108,,设备或设备部件的外部标记　,,,,上海市医疗器械检测所,http://www.cqn.com.cn/ms/content/2019-06/05/content_7188350.htm
106,59批（台）医疗器械产品不符合标准规定,2019-06-05 16:21:50,国家药监局,广州玛奈特医疗器械有限公司,,广州玛奈特医疗器械有限公司,,广东省食品药品监督管理局　,MT-8D　,,,20180401002,,设备或设备部件的外部标记　,,,,上海市医疗器械检测所,http://www.cqn.com.cn/ms/content/2019-06/05/content_7188350.htm
107,59批（台）医疗器械产品不符合标准规定,2019-06-05 16:21:50,国家药监局,山东中弘信息科技有限公司,,山东中弘信息科技有限公司,,山东省食品药品监督管理局　,ZNYL-102　,,,2017.06.16201706001,,标识要求　,,,,陕西省医疗器械质量监督检验院,http://www.cqn.com.cn/ms/content/2019-06/05/content_7188350.htm
108,59批（台）医疗器械产品不符合标准规定,2019-06-05 16:21:50,国家药监局,广州市同声电子科技有限公司,,广州市同声电子科技有限公司,,广东省食品药品监督管理局　,TSB-602　,,,18年3月,,标识要求　,,,,上海市医疗器械检测所,http://www.cqn.com.cn/ms/content/2019-06/05/content_7188350.htm
109,59批（台）医疗器械产品不符合标准规定,2019-06-05 16:21:50,国家药监局,深圳市正康科技有限公司,,深圳市正康科技有限公司,,广东省食品药品监督管理局　,ZK-B869　,,,2018年03月20日J20180301100720,,标识要求　,,,,上海市医疗器械检测所,http://www.cqn.com.cn/ms/content/2019-06/05/content_7188350.htm
110,59批（台）医疗器械产品不符合标准规定,2019-06-05 16:21:50,国家药监局,中屾医疗仪器（深圳）有限公司,,中屾医疗仪器（深圳）有限公司,,广东省食品药品监督管理局　,AC05C　,,,CN 703AAGU0040,,标识要求　,,,,上海市医疗器械检测所,http://www.cqn.com.cn/ms/content/2019-06/05/content_7188350.htm
111,59批（台）医疗器械产品不符合标准规定,2019-06-05 16:21:50,国家药监局,广州玛奈特医疗器械有限公司,,广州玛奈特医疗器械有限公司,,广东省食品药品监督管理局　,MT-7A　,,,20170206007,,1.设备或设备部件的外部标记；2.标识要求　,,,,上海市医疗器械检测所,http://www.cqn.com.cn/ms/content/2019-06/05/content_7188350.htm
112,59批（台）医疗器械产品不符合标准规定,2019-06-05 16:21:50,国家药监局,江阴市东佳医疗器械有限公司,,江阴市东佳医疗器械有限公司,,江苏省食品药品监督管理局　,DJ2000A1　,,,2018.51805030AA1,,外部标记　,,,,广东省医疗器械质量监督检验所,http://www.cqn.com.cn/ms/content/2019-06/05/content_7188350.htm
113,国家药监局公布医疗器械产品抽检不合格名单,2019-05-05 15:52:35,,浙江福康生物技术有限公司,,浙江福康生物技术有限公司,,浙江省食品药品监督管理局　,R1 60ml*2 R2 15ml*2　,,,2018031520180315,,线性　,,,,福建省医疗器械与药品包装材料检验所,http://www.cqn.com.cn/ms/content/2019-05/05/content_7073143.htm
114,国家药监局公布医疗器械产品抽检不合格名单,2019-05-05 15:52:35,,浙江泰司特生物技术有限公司,,浙江泰司特生物技术有限公司,,浙江省食品药品监督管理局　,R1：60ml*4 R2:15ml*4　,,,2018.01.2520180101,,线性　,,,,福建省医疗器械与药品包装材料检验所,http://www.cqn.com.cn/ms/content/2019-05/05/content_7073143.htm
115,国家药监局公布医疗器械产品抽检不合格名单,2019-05-05 15:52:35,,河南汇博医疗股份有限公司,,河南汇博医疗股份有限公司,,河南省食品药品监督管理局　,10cm×10cm自粘型　,,,2018.03.1318031303,,酸碱度试验　,,,,山东省医疗器械产品质量检验中心,http://www.cqn.com.cn/ms/content/2019-05/05/content_7073143.htm
116,国家药监局公布医疗器械产品抽检不合格名单,2019-05-05 15:52:35,,广州市科济医疗器械有限公司,,广州市科济医疗器械有限公司,,广东省食品药品监督管理局　,7cm×6cm　,,,2018.04.08042018001,,酸碱度试验　,,,,山东省医疗器械产品质量检验中心,http://www.cqn.com.cn/ms/content/2019-05/05/content_7073143.htm
117,国家药监局公布医疗器械产品抽检不合格名单,2019-05-05 15:52:35,,武汉璟泓万方堂医药科技股份有限公司,,武汉璟泓万方堂医药科技股份有限公司,,湖北省食品药品监督管理局　,JHABPM001　,,,2017年4月25日ABPM001-1704000142（SN）,,1.最大袖带压；2.可重复性；3.压力传感器准确性　,,,,重庆医疗器械质量检验中心,http://www.cqn.com.cn/ms/content/2019-05/05/content_7073143.htm
118,国家药监局公布医疗器械产品抽检不合格名单,2019-05-05 15:52:35,,江苏中讯电子科技有限公司,,江苏中讯电子科技有限公司,,江苏省食品药品监督管理局　,SY9011　,,,2017-12-23SY9011171201000062,,指示灯的颜色　,,,,安徽省食品药品检验研究院,http://www.cqn.com.cn/ms/content/2019-05/05/content_7073143.htm
119,国家药监局公布医疗器械产品抽检不合格名单,2019-05-05 15:52:35,,新乡市康民卫材开发有限公司,,郑州市第七人民医院,,河南省食品药品监督管理局　,中号　,,,2018年2月2日2018020120180201,,环氧乙烷残留量　,,,,河北省医疗器械与药品包装材料检验研究院,http://www.cqn.com.cn/ms/content/2019-05/05/content_7073143.htm
120,国家药监局公布医疗器械产品抽检不合格名单,2019-05-05 15:52:35,,新乡市康民卫材开发有限公司,,南阳市第一人民医院,,河南省食品药品监督管理局　,透明推拉型中号　,,,2018年3月12日20180312,,环氧乙烷残留量　,,,,河北省医疗器械与药品包装材料检验研究院,http://www.cqn.com.cn/ms/content/2019-05/05/content_7073143.htm
121,国家药监局公布医疗器械产品抽检不合格名单,2019-05-05 15:52:35,,南昌市康洁医用卫生用品有限公司,,天津市红桥医院,,天津市市场和质量监督管理委员会　,中号 B型推拉式　,,,20180306,,环氧乙烷残留量　,,,,吉林省医疗器械检验所,http://www.cqn.com.cn/ms/content/2019-05/05/content_7073143.htm
122,国家药监局公布医疗器械产品抽检不合格名单,2019-05-05 15:52:35,,常州市环康医疗器械有限公司,,长沙丽人妇产医院,,湖南省食品药品监督管理局　,调节式中号　,,,2017022320170223,,抗变形能力　,,,,湖北省医疗器械质量监督检验研究院,http://www.cqn.com.cn/ms/content/2019-05/05/content_7073143.htm
123,国家药监局公布医疗器械产品抽检不合格名单,2019-05-05 15:52:35,,常州市创佳医疗器械有限公司,,中南大学湘雅医院,,湖南省食品药品监督管理局　,YKQ-B M-中号　,,,2018030420180304,,结构强度　,,,,湖北省医疗器械质量监督检验研究院,http://www.cqn.com.cn/ms/content/2019-05/05/content_7073143.htm
124,国家药监局公布医疗器械产品抽检不合格名单,2019-05-05 15:52:35,,江苏省永宁医疗器械有限公司,,云南玉溪民康医院有限责任公司,,云南省食品药品监督管理局　,松紧　,,,2017年9月8日20170908,,1.口罩带；2.细菌过滤效率（BFE）　,,,,四川省医疗器械检测中心,http://www.cqn.com.cn/ms/content/2019-05/05/content_7073143.htm
125,国家药监局公布医疗器械产品抽检不合格名单,2019-05-05 15:52:35,,江苏省永宁医疗器械有限公司,,江苏嘉亿医药有限公司,,江苏省食品药品监督管理局　,规格：三层松紧　,,,2017年10月8日20171008,,1.口罩带；2.细菌过滤效率（BFE）　,,,,北京市医疗器械检验所,http://www.cqn.com.cn/ms/content/2019-05/05/content_7073143.htm
126,国家药监局公布医疗器械产品抽检不合格名单,2019-05-05 15:52:35,,浙江伊鲁博生物科技有限公司,,浙江伊鲁博生物科技有限公司,,浙江省食品药品监督管理局　,平面形 三层 176mm×97mm　,,,2018040218 04 02,,细菌过滤效率（BFE）　,,,,河南省医疗器械检验所,http://www.cqn.com.cn/ms/content/2019-05/05/content_7073143.htm
127,国家药监局公布医疗器械产品抽检不合格名单,2019-05-05 15:52:35,,新乡市华康卫材有限公司,,哈药集团医药有限公司新药特药商店,,黑龙江省食品药品监督管理局　,平面挂耳型　,,,2018年4月2日20180328,,细菌过滤效率（BFE）　,,,,辽宁省医疗器械检验检测院,http://www.cqn.com.cn/ms/content/2019-05/05/content_7073143.htm
128,国家药监局公布医疗器械产品抽检不合格名单,2019-05-05 15:52:35,,河南省科隆医疗器械有限公司,,伊犁哈萨克自治州友谊医院,,新疆维吾尔自治区食品药品监督管理局　,/,,,2018年2月2日01180201,,细菌过滤效率（BFE）　,,,,辽宁省医疗器械检验检测院,http://www.cqn.com.cn/ms/content/2019-05/05/content_7073143.htm
129,国家药监局公布医疗器械产品抽检不合格名单,2019-05-05 15:52:35,,新乡市大方医疗器械制造有限公司,,国药集团湖南省医疗器械有限公司,,湖南省食品药品监督管理局　,/　,,,2017年7月1日170701,,微生物指标　,,,,四川省医疗器械检测中心,http://www.cqn.com.cn/ms/content/2019-05/05/content_7073143.htm
130,国家药监局公布医疗器械产品抽检不合格名单,2019-05-05 15:52:35,,北京巴瑞德医疗器械有限公司,,北京巴瑞德医疗器械有限公司,,北京市食品药品监督管理局　,G350　,,,2018-05-211805220,,材料　,,,,辽宁省医疗器械检验检测院,http://www.cqn.com.cn/ms/content/2019-05/05/content_7073143.htm
131,国家药监局公布医疗器械产品抽检不合格名单,2019-05-05 15:52:35,,苏州康仕盾防护科技有限公司,,苏州康仕盾防护科技有限公司,,江苏省食品药品监督管理局　,长方形　,,,2018-05-221805220501,,设计　,,,,辽宁省医疗器械检验检测院,http://www.cqn.com.cn/ms/content/2019-05/05/content_7073143.htm
132,国家药监局公布医疗器械产品抽检不合格名单,2019-05-05 15:52:35,,欧姆龙（大连）有限公司,,欧姆龙（大连）有限公司,,辽宁省食品药品监督管理局　,HEM-7312　,,,2018.02.13201801L20180103173LG,,标识要求,,,,北京市医疗器械检验所,http://www.cqn.com.cn/ms/content/2019-05/05/content_7073143.htm
133,国家药监局公布医疗器械产品抽检不合格名单,2019-05-05 15:52:35,,江苏中讯电子科技有限公司,,江苏中讯电子科技有限公司,,江苏省食品药品监督管理局　,SY9011　,,,2017-12-23SY9011171201000062,,标识要求　,,,,安徽省食品药品检验研究院,http://www.cqn.com.cn/ms/content/2019-05/05/content_7073143.htm
134,国家药监局公布医疗器械产品抽检不合格名单,2019-05-05 15:52:35,,山东双鹰医疗器械有限公司,,山东双鹰医疗器械有限公司,,山东省食品药品监督管理局　,1000×600mm　,,,2018年5月16日Pb-2018-03,,标记　,,,,辽宁省医疗器械检验检测院,http://www.cqn.com.cn/ms/content/2019-05/05/content_7073143.htm
135,国家药监局公布医疗器械产品抽检不合格名单,2019-05-05 15:52:35,,龙口市现代医疗器械有限公司,,龙口市现代医疗器械有限公司,,山东省食品药品监督管理局　,中　,,,2018年5月6日20180506,,标记　,,,,辽宁省医疗器械检验检测院,http://www.cqn.com.cn/ms/content/2019-05/05/content_7073143.htm
136,国家药监局公布医疗器械产品抽检不合格名单,2019-05-05 15:52:35,,烟台皓邦防护科技有限公司,,烟台皓邦防护科技有限公司,,山东省食品药品监督管理局　,1000×600mm　,,,2018年4月24日Pb-2018-02,,标记　,,,,辽宁省医疗器械检验检测院,http://www.cqn.com.cn/ms/content/2019-05/05/content_7073143.htm
137,19家企业生产的20批次药品不符合规定,2019-04-20 23:52:53,国家药监局,每100丸重6克,,20170301,,不符合规定,山西省长治医药有限公司,,,《中华人民共和国药典》2015年版一部,,吉林省药品检验所,,,,[检查]（溶散时限） ,http://www.cqn.com.cn/ms/content/2019-04/20/content_7028949.htm
138,19家企业生产的20批次药品不符合规定,2019-04-20 23:52:53,国家药监局,每100丸重6克,,20170301,,不符合规定,内蒙古仁泰医药有限公司,,,《中华人民共和国药典》2015年版一部,,吉林省药品检验所,,,,[检查]（溶散时限） ,http://www.cqn.com.cn/ms/content/2019-04/20/content_7028949.htm
139,19家企业生产的20批次药品不符合规定,2019-04-20 23:52:53,国家药监局, ,,170606,,不符合规定 ,无锡市惠山区堰桥街道社区卫生服务中心,,,《中华人民共和国药典》2015年版一部 ,,安徽省食品药品检验研究院 ,,,,[检查]（黄曲霉毒素）  ,http://www.cqn.com.cn/ms/content/2019-04/20/content_7028949.htm
140,19家企业生产的20批次药品不符合规定,2019-04-20 23:52:53,国家药监局, ,,170606,,不符合规定 ,苏州市春晖堂药业有限公司,,,《中华人民共和国药典》2015年版一部 ,,安徽省食品药品检验研究院 ,,,,[检查]（黄曲霉毒素）  ,http://www.cqn.com.cn/ms/content/2019-04/20/content_7028949.htm
141,19家企业生产的20批次药品不符合规定,2019-04-20 23:52:53,国家药监局, ,,170606,,不符合规定 ,江西宜欣制药有限公司,,,《中华人民共和国药典》2015年版一部 ,,安徽省食品药品检验研究院 ,,,,[检查]（黄曲霉毒素）  ,http://www.cqn.com.cn/ms/content/2019-04/20/content_7028949.htm
142,19家企业生产的20批次药品不符合规定,2019-04-20 23:52:53,国家药监局, ,,170606,,不符合规定 ,江西樟树天齐堂中药饮片有限公司,,,《中华人民共和国药典》2015年版一部 ,,安徽省食品药品检验研究院 ,,,,[检查]（黄曲霉毒素）  ,http://www.cqn.com.cn/ms/content/2019-04/20/content_7028949.htm
143,19家企业生产的20批次药品不符合规定,2019-04-20 23:52:53,国家药监局, ,,170606,,不符合规定 ,江西国都中药饮片有限公司,,,《中华人民共和国药典》2015年版一部 ,,安徽省食品药品检验研究院 ,,,,[检查]（黄曲霉毒素）  ,http://www.cqn.com.cn/ms/content/2019-04/20/content_7028949.htm
144,19家企业生产的20批次药品不符合规定,2019-04-20 23:52:53,国家药监局, ,,170606,,不符合规定 ,贵阳济仁堂中药饮片厂,,,《中华人民共和国药典》2015年版一部 ,,安徽省食品药品检验研究院 ,,,,[检查]（黄曲霉毒素）  ,http://www.cqn.com.cn/ms/content/2019-04/20/content_7028949.htm
145,19家企业生产的20批次药品不符合规定,2019-04-20 23:52:53,国家药监局, ,,170606,,不符合规定 ,宜宾仁和中药饮片有限责任公司,,,《中华人民共和国药典》2015年版一部 ,,安徽省食品药品检验研究院 ,,,,[检查]（黄曲霉毒素）  ,http://www.cqn.com.cn/ms/content/2019-04/20/content_7028949.htm
146,19家企业生产的20批次药品不符合规定,2019-04-20 23:52:53,国家药监局, ,,170606,,不符合规定 ,内江良辉药业有限公司,,,《中华人民共和国药典》2015年版一部 ,,安徽省食品药品检验研究院 ,,,,[检查]（黄曲霉毒素）  ,http://www.cqn.com.cn/ms/content/2019-04/20/content_7028949.htm
147,19家企业生产的20批次药品不符合规定,2019-04-20 23:52:53,国家药监局, ,,170606,,不符合规定 ,成都欣福源中药饮片有限公司,,,《中华人民共和国药典》2015年版一部 ,,安徽省食品药品检验研究院 ,,,,[检查]（黄曲霉毒素）  ,http://www.cqn.com.cn/ms/content/2019-04/20/content_7028949.htm
148,12批产品不符合标准规定,2019-04-01 17:45:01,国家药监局抽检医疗器械,湛江市汇通药业有限公司,,长沙市永兴医疗器械有限公司,,湖南省食品药品监督管理局,光面型 52±2mm,,,201707127072,,针孔,,,,贵州省医疗器械检测中心,http://www.cqn.com.cn/ms/content/2019-04/01/content_6961236.htm
149,12批产品不符合标准规定,2019-04-01 17:45:01,国家药监局抽检医疗器械,Karex Industries Sdn.Bhd.,,广州市一统医药科技有限公司,,广东省食品药品监督管理局,52mm±2mm 平滑超薄型,,,02/201818N0376,,未经老化爆破体积和爆破压力,,,,湖南省医疗器械检验检测所,http://www.cqn.com.cn/ms/content/2019-04/01/content_6961236.htm
150,12批产品不符合标准规定,2019-04-01 17:45:01,国家药监局抽检医疗器械,Thai Nippon Rubber Industry Public Company Limited,,广州市丽程贸易有限公司,,广东省食品药品监督管理局,52mm±2mm 光面型橡胶避孕套（普通型）,,,02/2018N01180206,,未经老化爆破体积和爆破压力,,,,湖南省医疗器械检验检测所,http://www.cqn.com.cn/ms/content/2019-04/01/content_6961236.htm
151,12批产品不符合标准规定,2019-04-01 17:45:01,国家药监局抽检医疗器械,湖南臻和亦康医疗用品有限公司,,湖南臻和亦康医疗用品有限公司,,湖南省食品药品监督管理局,16#,,,20180426,,EO残留量,,,,江西省医疗器械检测中心,http://www.cqn.com.cn/ms/content/2019-04/01/content_6961236.htm
152,12批产品不符合标准规定,2019-04-01 17:45:01,国家药监局抽检医疗器械,湖南臻和亦康医疗用品有限公司,,湖南臻和亦康医疗用品有限公司,,湖南省食品药品监督管理局,16#,,,20171225,,EO残留量,,,,江西省医疗器械检测中心,http://www.cqn.com.cn/ms/content/2019-04/01/content_6961236.htm
153,12批产品不符合标准规定,2019-04-01 17:45:01,国家药监局抽检医疗器械,上海千山医疗科技有限公司,,上海千山医疗科技有限公司,,上海市食品药品监督管理局,CR-3-Fr24-M 润滑型 三腔型 Fr24/30mL,,,2017.12.2120171221,,EO残留量,,,,山东省医疗器械产品质量检验中心,http://www.cqn.com.cn/ms/content/2019-04/01/content_6961236.htm
154,12批产品不符合标准规定,2019-04-01 17:45:01,国家药监局抽检医疗器械,新乡市康民卫材开发有限公司,,新乡市康民卫材开发有限公司,,河南省食品药品监督管理局,中号,,,2018年4月26日20180426,,环氧乙烷残留量,,,,河北省医疗器械与药品包装材料检验研究院,http://www.cqn.com.cn/ms/content/2019-04/01/content_6961236.htm
155,12批产品不符合标准规定,2019-04-01 17:45:01,国家药监局抽检医疗器械,河南省蓝天医疗器械有限公司,,河南省蓝天医疗器械有限公司,,河南省食品药品监督管理局,中号/推拉式,,,2018年4月4日02018040308,,环氧乙烷残留量,,,,河北省医疗器械与药品包装材料检验研究院,http://www.cqn.com.cn/ms/content/2019-04/01/content_6961236.htm
156,12批产品不符合标准规定,2019-04-01 17:45:01,国家药监局抽检医疗器械,天津市远航工贸发展有限公司,,天津市远航工贸发展有限公司,,天津市市场和质量监督管理委员会,YH-I型（无菌） 长方形,,,20180119180116,,压力差（Δp）,,,,辽宁省医疗器械检验检测院,http://www.cqn.com.cn/ms/content/2019-04/01/content_6961236.htm
157,12批产品不符合标准规定,2019-04-01 17:45:01,国家药监局抽检医疗器械,新乡市华西卫材有限公司,,河池市人民医院,,广西壮族自治区食品药品监督管理局,规格：9.5cm×17cm（允差±1cm）,,,2016年12月18日06161218,,压力差（Δp）,,,,北京市医疗器械检验所,http://www.cqn.com.cn/ms/content/2019-04/01/content_6961236.htm
158,12批产品不符合标准规定,2019-04-01 17:45:01,国家药监局抽检医疗器械,,,,,,,,,,,,,,,,http://www.cqn.com.cn/ms/content/2019-04/01/content_6961236.htm
159,12批产品不符合标准规定,2019-04-01 17:45:01,国家药监局抽检医疗器械,,,,,,,,,,,,,,,,http://www.cqn.com.cn/ms/content/2019-04/01/content_6961236.htm
160,62批（台）医疗器械产品不符合标准规定,2019-07-06 03:06:08,国家药监局,杭州桐庐医疗光学仪器有限公司,,杭州桐庐医疗光学仪器有限公司,,浙江省食品药品监督管理局　,φ5×95　,,,A202,,1.密封性和阻气性；2.硬度,,,,上海市医疗器械检测所,http://www.cqn.com.cn/ms/content/2019-07/06/content_7288287.htm
161,12批产品不符合标准规定,2019-04-01 17:45:01,国家药监局抽检医疗器械,,,,,,,,,,,,,,,,http://www.cqn.com.cn/ms/content/2019-04/01/content_6961236.htm
162,12批产品不符合标准规定,2019-04-01 17:45:01,国家药监局抽检医疗器械,,,,,,,,,,,,,,,,http://www.cqn.com.cn/ms/content/2019-04/01/content_6961236.htm
163,62批（台）医疗器械产品不符合标准规定,2019-07-06 03:06:08,国家药监局,桐庐康尔医疗器械有限公司,,桐庐康尔医疗器械有限公司,,浙江省食品药品监督管理局　,φ5.5　,,,2018.3.3C01D180206,,配合性能　,,,,上海市医疗器械检测所,http://www.cqn.com.cn/ms/content/2019-07/06/content_7288287.htm
164,62批（台）医疗器械产品不符合标准规定,2019-07-06 03:06:08,国家药监局,滁州国康医疗仪器有限公司,,滁州国康医疗仪器有限公司,,安徽省食品药品监督管理局　,GK-6A　,,,2018年04月20日180420001,,1.随机文件；2.外壳和防护罩；3.输出电压,,,,天津市医疗器械质量监督检验中心,http://www.cqn.com.cn/ms/content/2019-07/06/content_7288287.htm
165,12批产品不符合标准规定,2019-04-01 17:45:01,国家药监局抽检医疗器械,,,,,,,,,,,,,,,,http://www.cqn.com.cn/ms/content/2019-04/01/content_6961236.htm
166,12批产品不符合标准规定,2019-04-01 17:45:01,国家药监局抽检医疗器械,,,,,,,,,,,,,,,,http://www.cqn.com.cn/ms/content/2019-04/01/content_6961236.htm
167,12批产品不符合标准规定,2019-04-01 17:45:01,国家药监局抽检医疗器械,,,,,,,,,,,,,,,,http://www.cqn.com.cn/ms/content/2019-04/01/content_6961236.htm
168,水果制品、糕点等5批次食品样品抽检不合格,2019-07-08 23:40:52,市场监管总局,出品商：北京蜜爱蜜生物科技有限公司；生产商：北京金凌蜂贸公司,出品商地址：北京市海淀区民族学院南路9号5号楼402；生产商地址：北京市密云县古北口镇河西村,天猫蜜爱蜜旗舰店,https://detail.tmall.com/item.htm?id=20000827095&amp;amp;amp;spm=a1z09.2.0.0.33a92e8dcazYXQ&amp;amp;amp;_u=b27b1ut58195,荔枝蜜,500g/瓶,图形,2019/1/10,,,菌落总数,5.8×103CFU/g,≤1000 CFU/g,,国家肉类食品质量监督检验中心,http://www.cqn.com.cn/ms/content/2019-07/08/content_7294182.htm
169,市场监管总局通告5批次食品不合格情况,2019-07-09 13:14:36,,出品商：北京蜜爱蜜生物科技有限公司；生产商：北京金凌蜂贸公司,出品商地址：北京市海淀区民族学院南路9号5号楼402；生产商地址：北京市密云县古北口镇河西村,天猫蜜爱蜜旗舰店,https://detail.tmall.com/item.htm?id=20000827095&amp;amp;amp;spm=a1z09.2.0.0.33a92e8dcazYXQ&amp;amp;amp;_u=b27b1ut58195,荔枝蜜,500g/瓶,图形,2019/1/10,,,菌落总数,5.8×103CFU/g,≤1000 CFU/g,,国家肉类食品质量监督检验中心,http://www.cqn.com.cn/ms/content/2019-07/09/content_7295844.htm
170,62批（台）医疗器械产品不符合标准规定,2019-07-06 03:06:08,国家药监局,株式会社利百世,,上海日晨医疗器械有限公司,,上海市食品药品监督管理局　,HealthSeed 14000X　,,,2017年9月HLSAG09254,,1.指示灯和按钮；2.输出电压；3.输出频率,,,,天津市医疗器械质量监督检验中心,http://www.cqn.com.cn/ms/content/2019-07/06/content_7288287.htm
171,62批（台）医疗器械产品不符合标准规定,2019-07-06 03:06:08,国家药监局,苏州久久寿医疗器械有限公司,,苏州久久寿医疗器械有限公司,,江苏省食品药品监督管理局　,JJS-A9000A型　,,,2018.3.13JJS-A9A18001,,结构和布线　,,,,天津市医疗器械质量监督检验中心,http://www.cqn.com.cn/ms/content/2019-07/06/content_7288287.htm
172,12批产品不符合标准规定,2019-04-01 17:45:01,国家药监局抽检医疗器械,,,,,,,,,,,,,,,,http://www.cqn.com.cn/ms/content/2019-04/01/content_6961236.htm
173,12批产品不符合标准规定,2019-04-01 17:45:01,国家药监局抽检医疗器械,,,,,,,,,,,,,,,,http://www.cqn.com.cn/ms/content/2019-04/01/content_6961236.htm
174,水果制品、糕点等5批次食品样品抽检不合格,2019-07-08 23:40:52,市场监管总局,广西利洋信和水产贸易有限公司,广西壮族自治区柳州市柳南区航三路东苑小区三区5号,北海大润发商业有限公司,广西壮族自治区北海市北海大道与北京路交叉处西南角,草鱼,散装,/,,,,孔雀石绿,2.58μg/kg,不得检出,,深圳出入境检验检疫局食品检验检疫技术中心,http://www.cqn.com.cn/ms/content/2019-07/08/content_7294182.htm
175,市场监管总局通告5批次食品不合格情况,2019-07-09 13:14:36,,广西利洋信和水产贸易有限公司,广西壮族自治区柳州市柳南区航三路东苑小区三区5号,北海大润发商业有限公司,广西壮族自治区北海市北海大道与北京路交叉处西南角,草鱼,散装,/,,,,孔雀石绿,2.58μg/kg,不得检出,,深圳出入境检验检疫局食品检验检疫技术中心,http://www.cqn.com.cn/ms/content/2019-07/09/content_7295844.htm
176,62批（台）医疗器械产品不符合标准规定,2019-07-06 03:06:08,国家药监局,南京唐沃医疗科技有限公司,,南京唐沃医疗科技有限公司,,江苏省食品药品监督管理局　,TQY-601-A　,,,2017年09月0217090050,,随机文件　,,,,天津市医疗器械质量监督检验中心,http://www.cqn.com.cn/ms/content/2019-07/06/content_7288287.htm
177,62批（台）医疗器械产品不符合标准规定,2019-07-06 03:06:08,国家药监局,Infomed S.A.,,广州德朗医疗设备有限公司,,广东省食品药品监督管理局　,HF440　,,,0771-0172017-09,,静脉压监控,,,,广东省医疗器械质量监督检验所,http://www.cqn.com.cn/ms/content/2019-07/06/content_7288287.htm
178,12批产品不符合标准规定,2019-04-01 17:45:01,国家药监局抽检医疗器械,,,,,,,,,,,,,,,,http://www.cqn.com.cn/ms/content/2019-04/01/content_6961236.htm
179,12批产品不符合标准规定,2019-04-01 17:45:01,国家药监局抽检医疗器械,,,,,,,,,,,,,,,,http://www.cqn.com.cn/ms/content/2019-04/01/content_6961236.htm
180,水果制品、糕点等5批次食品样品抽检不合格,2019-07-08 23:40:52,市场监管总局,福建龙岩晋龙食品有限公司,龙岩市新罗区西陂街道福建龙州工业园园八路10号,福建新华都综合百货有限公司,福州市鼓楼区五四路162号,盐津陈皮,158克/盒,惠享,2019/1/4,,,脱氢乙酸及其钠盐（以脱氢乙酸计）,0.0268g/kg,不得使用,,初检机构：国家糖业质量监督检验中心； 复检机构：厦门出入境检验检疫局检验检疫技术中心,http://www.cqn.com.cn/ms/content/2019-07/08/content_7294182.htm
181,水果制品、糕点等5批次食品样品抽检不合格,2019-07-08 23:40:52,市场监管总局,浙江野娇娇农业科技有限公司,杭州市淳安县千岛湖镇睦州大道333号,天猫野娇娇旗舰店,https://detail.tmall.com/item.htm?id=529094391099&spm=a1z09.2.0.0.6df62e8dsIo57U&_u=k1f3hhqg100c,芝麻饼,260克/盒,野娇娇,2019/1/28,,,酸价（以脂肪计）,7.2mg/g,≤5mg/g,,成都市食品药品检验研究院,http://www.cqn.com.cn/ms/content/2019-07/08/content_7294182.htm
182,市场监管总局通告5批次食品不合格情况,2019-07-09 13:14:36,,福建龙岩晋龙食品有限公司,龙岩市新罗区西陂街道福建龙州工业园园八路10号,福建新华都综合百货有限公司,福州市鼓楼区五四路162号,盐津陈皮,158克/盒,惠享,2019/1/4,,,脱氢乙酸及其钠盐（以脱氢乙酸计）,0.0268g/kg,不得使用,,初检机构：国家糖业质量监督检验中心； 复检机构：厦门出入境检验检疫局检验检疫技术中心,http://www.cqn.com.cn/ms/content/2019-07/09/content_7295844.htm
183,市场监管总局通告5批次食品不合格情况,2019-07-09 13:14:36,,浙江野娇娇农业科技有限公司,杭州市淳安县千岛湖镇睦州大道333号,天猫野娇娇旗舰店,https://detail.tmall.com/item.htm?id=529094391099&spm=a1z09.2.0.0.6df62e8dsIo57U&_u=k1f3hhqg100c,芝麻饼,260克/盒,野娇娇,2019/1/28,,,酸价（以脂肪计）,7.2mg/g,≤5mg/g,,成都市食品药品检验研究院,http://www.cqn.com.cn/ms/content/2019-07/09/content_7295844.htm
184,62批（台）医疗器械产品不符合标准规定,2019-07-06 03:06:08,国家药监局,四川恒明科技开发有限公司,,四川恒明科技开发有限公司,,四川省食品药品监督管理局　,TDP-L3　,,,2018.04.2431804004002,,1.防护件；2.防护罩的表面容许的最高温度　,,,,天津市医疗器械质量监督检验中心,http://www.cqn.com.cn/ms/content/2019-07/06/content_7288287.htm
185,12批产品不符合标准规定,2019-04-01 17:45:01,国家药监局抽检医疗器械,,,,,,,,,,,,,,,,http://www.cqn.com.cn/ms/content/2019-04/01/content_6961236.htm
186,12批产品不符合标准规定,2019-04-01 17:45:01,国家药监局抽检医疗器械,,,,,,,,,,,,,,,,http://www.cqn.com.cn/ms/content/2019-04/01/content_6961236.htm
187,62批（台）医疗器械产品不符合标准规定,2019-07-06 03:06:08,国家药监局,重庆戈嘉商贸有限公司,,重庆戈嘉商贸有限公司,,重庆市食品药品监督管理局　,ZH-15　,,,2018年01月08日180131500239,,1.控制器的操作部件；2.正常使用时的稳定性　,,,,天津市医疗器械质量监督检验中心,http://www.cqn.com.cn/ms/content/2019-07/06/content_7288287.htm
188,62批（台）医疗器械产品不符合标准规定,2019-07-06 03:06:08,国家药监局,重庆萍丰机械有限公司,,重庆萍丰机械有限公司,,重庆市食品药品监督管理局　,CQ-27　,,,2018年04月28日PF001804280101,,控制器的操作部件,,,,天津市医疗器械质量监督检验中心,http://www.cqn.com.cn/ms/content/2019-07/06/content_7288287.htm
189,12批产品不符合标准规定,2019-04-01 17:45:01,国家药监局抽检医疗器械,,,,,,,,,,,,,,,,http://www.cqn.com.cn/ms/content/2019-04/01/content_6961236.htm
190,12批产品不符合标准规定,2019-04-01 17:45:01,国家药监局抽检医疗器械,,,,,,,,,,,,,,,,http://www.cqn.com.cn/ms/content/2019-04/01/content_6961236.htm
191,62批（台）医疗器械产品不符合标准规定,2019-07-06 03:06:08,国家药监局,重庆欣尚医疗器械有限公司,,重庆欣尚医疗器械有限公司,,重庆市食品药品监督管理局　,CQ-22　,,,2018年05月180522012,,控制器的操作部件　,,,,天津市医疗器械质量监督检验中心,http://www.cqn.com.cn/ms/content/2019-07/06/content_7288287.htm
192,62批（台）医疗器械产品不符合标准规定,2019-07-06 03:06:08,国家药监局,安徽乐金健康科技股份有限公司,,安徽乐金健康科技股份有限公司,,安徽省食品药品监督管理局　,SLJ-B2　,,,2018年04月20日SLJ021800058,,随机文件（GB 9706.1-2007 、YY 0306-2008 ）,,,,浙江省医疗器械检验研究院,http://www.cqn.com.cn/ms/content/2019-07/06/content_7288287.htm
193,12批产品不符合标准规定,2019-04-01 17:45:01,国家药监局抽检医疗器械,,,,,,,,,,,,,,,,http://www.cqn.com.cn/ms/content/2019-04/01/content_6961236.htm
194,12批产品不符合标准规定,2019-04-01 17:45:01,国家药监局抽检医疗器械,,,,,,,,,,,,,,,,http://www.cqn.com.cn/ms/content/2019-04/01/content_6961236.htm
195,62批（台）医疗器械产品不符合标准规定,2019-07-06 03:06:08,国家药监局,济宁卫康胶业有限公司,,武威市凉州区洋溢保健品批零部,,甘肃省食品药品监督管理局　,52mm 光面型　,,,2017.09170902,,1.未经老化爆破体积和爆破压力；2.针孔,,,,浙江省医疗器械检验研究院,http://www.cqn.com.cn/ms/content/2019-07/06/content_7288287.htm
196,62批（台）医疗器械产品不符合标准规定,2019-07-06 03:06:08,国家药监局,高平市丹阳橡胶制品有限公司,,高平市丹阳橡胶制品有限公司,,山西省食品药品监督管理局　,长度≥160mm 标称宽度：52±2mm　,,,20180418040711,,未经老化爆破体积和爆破压力,,,,浙江省医疗器械检验研究院,http://www.cqn.com.cn/ms/content/2019-07/06/content_7288287.htm
197,12批产品不符合标准规定,2019-04-01 17:45:01,国家药监局抽检医疗器械,,,,,,,,,,,,,,,,http://www.cqn.com.cn/ms/content/2019-04/01/content_6961236.htm
198,12批产品不符合标准规定,2019-04-01 17:45:01,国家药监局抽检医疗器械,,,,,,,,,,,,,,,,http://www.cqn.com.cn/ms/content/2019-04/01/content_6961236.htm
199,62批（台）医疗器械产品不符合标准规定,2019-07-06 03:06:08,国家药监局,菏泽康神药业有限公司,,菏泽康神药业有限公司,,山东省食品药品监督管理局　,平面型 标准宽度：52±2mm 长度≥160mm　,,,2018031820180318,,未经老化爆破体积和爆破压力,,,,湖北省医疗器械质量监督检验研究院,http://www.cqn.com.cn/ms/content/2019-07/06/content_7288287.htm
200,62批（台）医疗器械产品不符合标准规定,2019-07-06 03:06:08,国家药监局,菏泽康神药业有限公司,,菏泽康神药业有限公司,,山东省食品药品监督管理局　,平面型 标准宽度：52±2mm 长度≥160mm　,,,2018050620180506,,未经老化爆破体积和爆破压力,,,,湖北省医疗器械质量监督检验研究院,http://www.cqn.com.cn/ms/content/2019-07/06/content_7288287.htm
201,12批产品不符合标准规定,2019-04-01 17:45:01,国家药监局抽检医疗器械,,,,,,,,,,,,,,,,http://www.cqn.com.cn/ms/content/2019-04/01/content_6961236.htm
202,12批产品不符合标准规定,2019-04-01 17:45:01,国家药监局抽检医疗器械,,,,,,,,,,,,,,,,http://www.cqn.com.cn/ms/content/2019-04/01/content_6961236.htm
203,62批（台）医疗器械产品不符合标准规定,2019-07-06 03:06:08,国家药监局,茂名市江源乳胶制品有限公司,,吉林省永新堂大药房连锁有限公司,,吉林省食品药品监督管理局　,平均宽度：52mm±2mm 长度≥160mm 颗粒型　,,,20170570504B1,,未经老化爆破体积和爆破压力　,,,,浙江省医疗器械检验研究院,http://www.cqn.com.cn/ms/content/2019-07/06/content_7288287.htm
204,62批（台）医疗器械产品不符合标准规定,2019-07-06 03:06:08,国家药监局,Suretex Prophylactics （lndia） Limited,,武汉杰士邦卫生用品有限公司咸宁分公司,,湖北省食品药品监督管理局　,52mm 非光面型　,,,2017/06LF170605,,针孔,,,,湖南省医疗器械检验检测所,http://www.cqn.com.cn/ms/content/2019-07/06/content_7288287.htm
205,12批产品不符合标准规定,2019-04-01 17:45:01,国家药监局抽检医疗器械,,,,,,,,,,,,,,,,http://www.cqn.com.cn/ms/content/2019-04/01/content_6961236.htm
206,12批产品不符合标准规定,2019-04-01 17:45:01,国家药监局抽检医疗器械,,,,,,,,,,,,,,,,http://www.cqn.com.cn/ms/content/2019-04/01/content_6961236.htm
207,62批（台）医疗器械产品不符合标准规定,2019-07-06 03:06:08,国家药监局,马来西亚英诺雷特橡胶工业有限公司,,天际国际贸易（上海）有限公司,,上海市食品药品监督管理局　,标称宽度：W52mm±2mm　,,,01/2018PN34763,,针孔,,,,浙江省医疗器械检验研究院,http://www.cqn.com.cn/ms/content/2019-07/06/content_7288287.htm
208,62批（台）医疗器械产品不符合标准规定,2019-07-06 03:06:08,国家药监局,宁波市成和显微器械厂,,长春市美迪斯达医疗器械有限公司,,吉林省食品药品监督管理局　,线：3-0 0.45cm 尼龙（黑），针：1/2弧 4╳12 三角针　,,,18034,,缝线线径,,,,天津市医疗器械质量监督检验中心,http://www.cqn.com.cn/ms/content/2019-07/06/content_7288287.htm
209,12批产品不符合标准规定,2019-04-01 17:45:01,国家药监局抽检医疗器械,,,,,,,,,,,,,,,,http://www.cqn.com.cn/ms/content/2019-04/01/content_6961236.htm
210,12批产品不符合标准规定,2019-04-01 17:45:01,国家药监局抽检医疗器械,,,,,,,,,,,,,,,,http://www.cqn.com.cn/ms/content/2019-04/01/content_6961236.htm
211,12批产品不符合标准规定,2019-04-01 17:45:01,国家药监局抽检医疗器械,,,,,,,,,,,,,,,,http://www.cqn.com.cn/ms/content/2019-04/01/content_6961236.htm
212,62批（台）医疗器械产品不符合标准规定,2019-07-06 03:06:08,国家药监局,"Arthrex,Inc.",,锐适医疗器械（上海）有限公司,,上海市食品药品监督管理局　,AR-7201　,,,2017年09月01日18213,,缝线线径,,,,浙江省医疗器械检验研究院,http://www.cqn.com.cn/ms/content/2019-07/06/content_7288287.htm
213,62批（台）医疗器械产品不符合标准规定,2019-07-06 03:06:08,国家药监局,苏州市嘉盛医疗用品有限公司,,芜湖瑞健医疗设备有限公司,,安徽省食品药品监督管理局　,"3-0（1#） 15╳24""60cm　",,,2017-07-1117G1D,,缝线线径,,,,天津市医疗器械质量监督检验中心,http://www.cqn.com.cn/ms/content/2019-07/06/content_7288287.htm
214,12批产品不符合标准规定,2019-04-01 17:45:01,国家药监局抽检医疗器械,,,,,,,,,,,,,,,,http://www.cqn.com.cn/ms/content/2019-04/01/content_6961236.htm
215,12批产品不符合标准规定,2019-04-01 17:45:01,国家药监局抽检医疗器械,,,,,,,,,,,,,,,,http://www.cqn.com.cn/ms/content/2019-04/01/content_6961236.htm
216,62批（台）医疗器械产品不符合标准规定,2019-07-06 03:06:08,国家药监局,Ethicon LLC,,强生（上海）医疗器材有限公司,,上海市食品药品监督管理局　,X424H　,,,2017年12月28日LPJ539,,缝线线径,,,,浙江省医疗器械检验研究院,http://www.cqn.com.cn/ms/content/2019-07/06/content_7288287.htm
217,62批（台）医疗器械产品不符合标准规定,2019-07-06 03:06:08,国家药监局,"ETHICON,LLC",,国药集团黑龙江医疗器械有限公司,,黑龙江省食品药品监督管理局　,外包装盒型号：VCP311H，单包装：VCP311　,,,2016-09KK6394,,缝线线径,,,,天津市医疗器械质量监督检验中心,http://www.cqn.com.cn/ms/content/2019-07/06/content_7288287.htm
218,12批产品不符合标准规定,2019-04-01 17:45:01,国家药监局抽检医疗器械,,,,,,,,,,,,,,,,http://www.cqn.com.cn/ms/content/2019-04/01/content_6961236.htm
219,12批产品不符合标准规定,2019-04-01 17:45:01,国家药监局抽检医疗器械,,,,,,,,,,,,,,,,http://www.cqn.com.cn/ms/content/2019-04/01/content_6961236.htm
220,62批（台）医疗器械产品不符合标准规定,2019-07-06 03:06:08,国家药监局,江苏明环医用品有限公司,,江苏明环医用品有限公司,,江苏省食品药品监督管理局　,3-0　,,,2017112502G1102,,缝线线径　,,,,上海市医疗器械检测所,http://www.cqn.com.cn/ms/content/2019-07/06/content_7288287.htm
221,62批（台）医疗器械产品不符合标准规定,2019-07-06 03:06:08,国家药监局,上海元洪医疗器械有限公司,,上海元洪医疗器械有限公司,,上海市食品药品监督管理局　,针●1/2 0.6×14 双针 线2-0 90cm　,,,2018年3月30日YHD-024,,针线连接强度　,,,,浙江省医疗器械检验研究院,http://www.cqn.com.cn/ms/content/2019-07/06/content_7288287.htm
222,12批产品不符合标准规定,2019-04-01 17:45:01,国家药监局抽检医疗器械,,,,,,,,,,,,,,,,http://www.cqn.com.cn/ms/content/2019-04/01/content_6961236.htm
223,12批产品不符合标准规定,2019-04-01 17:45:01,国家药监局抽检医疗器械,,,,,,,,,,,,,,,,http://www.cqn.com.cn/ms/content/2019-04/01/content_6961236.htm
224,62批（台）医疗器械产品不符合标准规定,2019-07-06 03:06:08,国家药监局,广东康业医疗设备有限公司,,广东康业医疗设备有限公司,,广东省食品药品监督管理局　,KYWB-2000　,,,2018年01月19日01804013,,1.输入功率；2.正常工作温度下的连续漏电流和患者辅助电流,,,,天津市医疗器械质量监督检验中心,http://www.cqn.com.cn/ms/content/2019-07/06/content_7288287.htm
225,62批（台）医疗器械产品不符合标准规定,2019-07-06 03:06:08,国家药监局,重庆蜀明科技发展有限公司,,重庆蜀明科技发展有限公司,,重庆市食品药品监督管理局　,HYJ-Ⅱ型　,,,2018年01月21801010,,随机文件　,,,,天津市医疗器械质量监督检验中心,http://www.cqn.com.cn/ms/content/2019-07/06/content_7288287.htm
226,12批产品不符合标准规定,2019-04-01 17:45:01,国家药监局抽检医疗器械,,,,,,,,,,,,,,,,http://www.cqn.com.cn/ms/content/2019-04/01/content_6961236.htm
227,12批产品不符合标准规定,2019-04-01 17:45:01,国家药监局抽检医疗器械,,,,,,,,,,,,,,,,http://www.cqn.com.cn/ms/content/2019-04/01/content_6961236.htm
228,62批（台）医疗器械产品不符合标准规定,2019-07-06 03:06:08,国家药监局,南京福中医疗高科有限公司,,南京福中医疗高科有限公司,,江苏省食品药品监督管理局　,METI-IVC　,,,2017年7月17日C170717007,,正常工作温度下的连续漏电流和患者辅助电流　,,,,天津市医疗器械质量监督检验中心,http://www.cqn.com.cn/ms/content/2019-07/06/content_7288287.htm
229,62批（台）医疗器械产品不符合标准规定,2019-07-06 03:06:08,国家药监局,南京维京九洲医疗器械研发中心,,南京维京九洲医疗器械研发中心,,江苏省食品药品监督管理局　,MTC-3　,,,2018.5.1618051601,,正常工作温度下的连续漏电流和患者辅助电流　,,,,天津市医疗器械质量监督检验中心,http://www.cqn.com.cn/ms/content/2019-07/06/content_7288287.htm
230,12批产品不符合标准规定,2019-04-01 17:45:01,国家药监局抽检医疗器械,,,,,,,,,,,,,,,,http://www.cqn.com.cn/ms/content/2019-04/01/content_6961236.htm
231,12批产品不符合标准规定,2019-04-01 17:45:01,国家药监局抽检医疗器械,,,,,,,,,,,,,,,,http://www.cqn.com.cn/ms/content/2019-04/01/content_6961236.htm
232,62批（台）医疗器械产品不符合标准规定,2019-07-06 03:06:08,国家药监局,南京维京九洲医疗器械研发中心,,南京维京九洲医疗器械研发中心,,江苏省食品药品监督管理局　,MTC-3C　,,,2018.5.318050302,,正常工作温度下的连续漏电流和患者辅助电流　,,,,天津市医疗器械质量监督检验中心,http://www.cqn.com.cn/ms/content/2019-07/06/content_7288287.htm
233,62批（台）医疗器械产品不符合标准规定,2019-07-06 03:06:08,国家药监局,贝恩医疗设备（广州）有限公司,,海南爱肾肾病医院,,海南省食品药品监督管理局　,高通量型 B-18H　,,,2017121703210957,,清除率,,,,广东省医疗器械质量监督检验所,http://www.cqn.com.cn/ms/content/2019-07/06/content_7288287.htm
234,12批产品不符合标准规定,2019-04-01 17:45:01,国家药监局抽检医疗器械,,,,,,,,,,,,,,,,http://www.cqn.com.cn/ms/content/2019-04/01/content_6961236.htm
235,12批产品不符合标准规定,2019-04-01 17:45:01,国家药监局抽检医疗器械,,,,,,,,,,,,,,,,http://www.cqn.com.cn/ms/content/2019-04/01/content_6961236.htm
236,62批（台）医疗器械产品不符合标准规定,2019-07-06 03:06:08,国家药监局,重庆澳凯龙医疗科技股份有限公司,,重庆澳凯龙医疗科技股份有限公司,,重庆市食品药品监督管理局　,SDL-2000H　,,,2017年2月AKL170201A20,,正常检验过程中开机无法正常使用,,,,广东省医疗器械质量监督检验所,http://www.cqn.com.cn/ms/content/2019-07/06/content_7288287.htm
237,62批（台）医疗器械产品不符合标准规定,2019-07-06 03:06:08,国家药监局,佛山市安答科技有限公司,,佛山市安答科技有限公司,,广东省食品药品监督管理局　,L-460　,,,2018/5/280518050001,,1.正常工作温度下的连续漏电流和患者辅助电流；2.指示器,,,,陕西省医疗器械质量监督检验院,http://www.cqn.com.cn/ms/content/2019-07/06/content_7288287.htm
238,12批产品不符合标准规定,2019-04-01 17:45:01,国家药监局抽检医疗器械,,,,,,,,,,,,,,,,http://www.cqn.com.cn/ms/content/2019-04/01/content_6961236.htm
239,12批产品不符合标准规定,2019-04-01 17:45:01,国家药监局抽检医疗器械,,,,,,,,,,,,,,,,http://www.cqn.com.cn/ms/content/2019-04/01/content_6961236.htm
240,62批（台）医疗器械产品不符合标准规定,2019-07-06 03:06:08,国家药监局,COLTÈNE/WHALEDENT INC.,,康特威尔登特齿科贸易（北京）有限公司,,北京市食品药品监督管理局　,Coltolux LED　,,,2017.11.09180309217,,正常工作温度下的连续漏电流和患者辅助电流,,,,广东省医疗器械质量监督检验所,http://www.cqn.com.cn/ms/content/2019-07/06/content_7288287.htm
241,62批（台）医疗器械产品不符合标准规定,2019-07-06 03:06:08,国家药监局,佛山市南海区靓雅齿科器材有限公司,,佛山市南海区靓雅齿科器材有限公司,,广东省食品药品监督管理局　,LY-B200　,,,2018年03月10日180310001,,正常工作温度下的连续漏电流和患者辅助电流,,,,陕西省医疗器械质量监督检验院,http://www.cqn.com.cn/ms/content/2019-07/06/content_7288287.htm
242,12批产品不符合标准规定,2019-04-01 17:45:01,国家药监局抽检医疗器械,,,,,,,,,,,,,,,,http://www.cqn.com.cn/ms/content/2019-04/01/content_6961236.htm
243,12批产品不符合标准规定,2019-04-01 17:45:01,国家药监局抽检医疗器械,,,,,,,,,,,,,,,,http://www.cqn.com.cn/ms/content/2019-04/01/content_6961236.htm
244,62批（台）医疗器械产品不符合标准规定,2019-07-06 03:06:08,国家药监局,DENTLIGHT INC.,,北京固琦口腔科技有限公司,,北京市食品药品监督管理局　,7500080-08　,,,2016053016FD9AE42955,,正常工作温度下的连续漏电流和患者辅助电流,,,,广东省医疗器械质量监督检验所,http://www.cqn.com.cn/ms/content/2019-07/06/content_7288287.htm
245,62批（台）医疗器械产品不符合标准规定,2019-07-06 03:06:08,国家药监局,佛山市西耐德医疗器械有限公司,,佛山市西耐德医疗器械有限公司,,广东省食品药品监督管理局　,L800A　,,,2018-05-0205X18002,,正常工作温度下的连续漏电流和患者辅助电流　,,,,陕西省医疗器械质量监督检验院,http://www.cqn.com.cn/ms/content/2019-07/06/content_7288287.htm
246,12批产品不符合标准规定,2019-04-01 17:45:01,国家药监局抽检医疗器械,,,,,,,,,,,,,,,,http://www.cqn.com.cn/ms/content/2019-04/01/content_6961236.htm
247,12批产品不符合标准规定,2019-04-01 17:45:01,国家药监局抽检医疗器械,,,,,,,,,,,,,,,,http://www.cqn.com.cn/ms/content/2019-04/01/content_6961236.htm
248,62批（台）医疗器械产品不符合标准规定,2019-07-06 03:06:08,国家药监局,佛山市宇森医疗器械有限公司,,佛山市宇森医疗器械有限公司,,广东省食品药品监督管理局　,DB686　,,,2017-06003017201706A,,指示灯和按钮　,,,,陕西省医疗器械质量监督检验院,http://www.cqn.com.cn/ms/content/2019-07/06/content_7288287.htm
249,62批（台）医疗器械产品不符合标准规定,2019-07-06 03:06:08,国家药监局,贝思德迩医疗器材（广州）有限公司,,贝思德迩医疗器材（广州）有限公司,,广东省食品药品监督管理局　,PM-LED04　,,,2018-05-1018D17752-18D17802,,指示灯和按钮　,,,,陕西省医疗器械质量监督检验院,http://www.cqn.com.cn/ms/content/2019-07/06/content_7288287.htm
250,12批产品不符合标准规定,2019-04-01 17:45:01,国家药监局抽检医疗器械,,,,,,,,,,,,,,,,http://www.cqn.com.cn/ms/content/2019-04/01/content_6961236.htm
251,12批产品不符合标准规定,2019-04-01 17:45:01,国家药监局抽检医疗器械,,,,,,,,,,,,,,,,http://www.cqn.com.cn/ms/content/2019-04/01/content_6961236.htm
252,62批（台）医疗器械产品不符合标准规定,2019-07-06 03:06:08,国家药监局,江苏省华星医疗器械实业有限公司,,淮北矿工总医院,,安徽省食品药品监督管理局　,CBI+PCA（持续给液+自控给液型）　,,,2018030920180309,,紫外吸光度,,,,江苏省医疗器械检验所,http://www.cqn.com.cn/ms/content/2019-07/06/content_7288287.htm
253,62批（台）医疗器械产品不符合标准规定,2019-07-06 03:06:08,国家药监局,南京扬子医用制品有限公司,,南京扬子医用制品有限公司,,江苏省食品药品监督管理局　,CBI 容量100mL，流量2mL/h瓶式　,,,2018年03月23日18032300,,紫外吸光度,,,,山东省医疗器械产品质量检验中心,http://www.cqn.com.cn/ms/content/2019-07/06/content_7288287.htm
254,12批产品不符合标准规定,2019-04-01 17:45:01,国家药监局抽检医疗器械,,,,,,,,,,,,,,,,http://www.cqn.com.cn/ms/content/2019-04/01/content_6961236.htm
255,12批产品不符合标准规定,2019-04-01 17:45:01,国家药监局抽检医疗器械,,,,,,,,,,,,,,,,http://www.cqn.com.cn/ms/content/2019-04/01/content_6961236.htm
256,12批产品不符合标准规定,2019-04-01 17:45:01,国家药监局抽检医疗器械,,,,,,,,,,,,,,,,http://www.cqn.com.cn/ms/content/2019-04/01/content_6961236.htm
257,62批（台）医疗器械产品不符合标准规定,2019-07-06 03:06:08,国家药监局,南京宁创医疗设备有限公司,,南京宁创医疗设备有限公司,,江苏省食品药品监督管理局　,CBI　,,,20180419180419,,紫外吸光度　,,,,山东省医疗器械产品质量检验中心,http://www.cqn.com.cn/ms/content/2019-07/06/content_7288287.htm
258,62批（台）医疗器械产品不符合标准规定,2019-07-06 03:06:08,国家药监局,山东天工医用品开发有限公司,,山东天工医用品开发有限公司,,山东省食品药品监督管理局　,CBI+PCA 100ml　,,,20180210,,紫外吸光度　,,,,安徽省食品药品检验研究院,http://www.cqn.com.cn/ms/content/2019-07/06/content_7288287.htm
259,12批产品不符合标准规定,2019-04-01 17:45:01,国家药监局抽检医疗器械,,,,,,,,,,,,,,,,http://www.cqn.com.cn/ms/content/2019-04/01/content_6961236.htm
260,12批产品不符合标准规定,2019-04-01 17:45:01,国家药监局抽检医疗器械,,,,,,,,,,,,,,,,http://www.cqn.com.cn/ms/content/2019-04/01/content_6961236.htm
261,62批（台）医疗器械产品不符合标准规定,2019-07-06 03:06:08,国家药监局,哈尔滨吉圣科技发展有限公司医疗器械分公司,,哈尔滨吉圣科技发展有限公司医疗器械分公司,,黑龙江省食品药品监督管理局　,DNB-2型　,,,20171202,,EO残留量,,,,内蒙古自治区医疗器械检测中心,http://www.cqn.com.cn/ms/content/2019-07/06/content_7288287.htm
262,62批（台）医疗器械产品不符合标准规定,2019-07-06 03:06:08,国家药监局,河南瑞科医疗器械有限公司,,六安市金安区妇幼保健院,,安徽省食品药品监督管理局　,平面型 17cm×9.5cm　,,,2018年3月8日20180306,,1.口罩带；2.细菌过滤效率（BFE）　,,,,陕西省医疗器械质量监督检验院,http://www.cqn.com.cn/ms/content/2019-07/06/content_7288287.htm
263,12批产品不符合标准规定,2019-04-01 17:45:01,国家药监局抽检医疗器械,,,,,,,,,,,,,,,,http://www.cqn.com.cn/ms/content/2019-04/01/content_6961236.htm
264,12批产品不符合标准规定,2019-04-01 17:45:01,国家药监局抽检医疗器械,,,,,,,,,,,,,,,,http://www.cqn.com.cn/ms/content/2019-04/01/content_6961236.htm
265,62批（台）医疗器械产品不符合标准规定,2019-07-06 03:06:08,国家药监局,河南省华裕医疗器械有限公司,,河南省华裕医疗器械有限公司,,河南省食品药品监督管理局　,平面形　,,,2018年3月6日180306,,口罩带　,,,,陕西省医疗器械质量监督检验院,http://www.cqn.com.cn/ms/content/2019-07/06/content_7288287.htm
266,62批（台）医疗器械产品不符合标准规定,2019-07-06 03:06:08,国家药监局,新乡市医邦卫生材料有限公司,,新乡市医邦卫生材料有限公司,,河南省食品药品监督管理局　,平面型 17cm（长）×16cm（宽）　,,,2018050320180501,,口罩带　,,,,陕西省医疗器械质量监督检验院,http://www.cqn.com.cn/ms/content/2019-07/06/content_7288287.htm
267,12批产品不符合标准规定,2019-04-01 17:45:01,国家药监局抽检医疗器械,,,,,,,,,,,,,,,,http://www.cqn.com.cn/ms/content/2019-04/01/content_6961236.htm
268,12批产品不符合标准规定,2019-04-01 17:45:01,国家药监局抽检医疗器械,,,,,,,,,,,,,,,,http://www.cqn.com.cn/ms/content/2019-04/01/content_6961236.htm
269,62批（台）医疗器械产品不符合标准规定,2019-07-06 03:06:08,国家药监局,新乡市大方医疗器械制造有限公司,,濮阳市妇幼保健院,,河南省食品药品监督管理局　,/　,,,2017年12月1日171201,,口罩带　,,,,陕西省医疗器械质量监督检验院,http://www.cqn.com.cn/ms/content/2019-07/06/content_7288287.htm
270,62批（台）医疗器械产品不符合标准规定,2019-07-06 03:06:08,国家药监局,新乡市大方医疗器械制造有限公司,,广元济民外科医院,,四川省食品药品监督管理局　,/　,,,2017年8月15日20170815,,口罩带　,,,,陕西省医疗器械质量监督检验院,http://www.cqn.com.cn/ms/content/2019-07/06/content_7288287.htm
271,12批产品不符合标准规定,2019-04-01 17:45:01,国家药监局抽检医疗器械,,,,,,,,,,,,,,,,http://www.cqn.com.cn/ms/content/2019-04/01/content_6961236.htm
272,12批产品不符合标准规定,2019-04-01 17:45:01,国家药监局抽检医疗器械,,,,,,,,,,,,,,,,http://www.cqn.com.cn/ms/content/2019-04/01/content_6961236.htm
273,62批（台）医疗器械产品不符合标准规定,2019-07-06 03:06:08,国家药监局,河南省豫北卫材有限公司,,黄山市博美医疗器械销售有限公司,,安徽省食品药品监督管理局　,挂耳型　,,,2017年8月3日31708180,,细菌过滤效率（BFE）　,,,,陕西省医疗器械质量监督检验院,http://www.cqn.com.cn/ms/content/2019-07/06/content_7288287.htm
274,62批（台）医疗器械产品不符合标准规定,2019-07-06 03:06:08,国家药监局,南昌市凯旋医疗器械有限公司,,南昌市凯旋医疗器械有限公司,,江西省食品药品监督管理局　,‖型 耳挂式 中号　,,,2018年05月02日,,细菌过滤效率（BFE）　,,,,河南省医疗器械检验所,http://www.cqn.com.cn/ms/content/2019-07/06/content_7288287.htm
275,12批产品不符合标准规定,2019-04-01 17:45:01,国家药监局抽检医疗器械,,,,,,,,,,,,,,,,http://www.cqn.com.cn/ms/content/2019-04/01/content_6961236.htm
276,12批产品不符合标准规定,2019-04-01 17:45:01,国家药监局抽检医疗器械,,,,,,,,,,,,,,,,http://www.cqn.com.cn/ms/content/2019-04/01/content_6961236.htm
277,62批（台）医疗器械产品不符合标准规定,2019-07-06 03:06:08,国家药监局,邵阳智康医疗器械有限公司,,邵阳智康医疗器械有限公司,,湖南省食品药品监督管理局　,规格：中号/型号： A型：耳挂式　,,,2017121020171210,,细菌过滤效率（BFE）　,,,,四川省医疗器械检测中心,http://www.cqn.com.cn/ms/content/2019-07/06/content_7288287.htm
278,62批（台）医疗器械产品不符合标准规定,2019-07-06 03:06:08,国家药监局,邵阳智康医疗器械有限公司,,邵阳智康医疗器械有限公司,,湖南省食品药品监督管理局　,规格：中号/型号：A型：耳挂式　,,,2018010520180105,,细菌过滤效率（BFE）　,,,,四川省医疗器械检测中心,http://www.cqn.com.cn/ms/content/2019-07/06/content_7288287.htm
279,12批产品不符合标准规定,2019-04-01 17:45:01,国家药监局抽检医疗器械,,,,,,,,,,,,,,,,http://www.cqn.com.cn/ms/content/2019-04/01/content_6961236.htm
280,12批产品不符合标准规定,2019-04-01 17:45:01,国家药监局抽检医疗器械,,,,,,,,,,,,,,,,http://www.cqn.com.cn/ms/content/2019-04/01/content_6961236.htm
281,62批（台）医疗器械产品不符合标准规定,2019-07-06 03:06:08,国家药监局,苏州新纶超净技术有限公司,,国药东风花果医院,,湖北省食品药品监督管理局　,175mm×95mm　,,,2018.03.0620180306B,,口罩带,,,,广东省医疗器械质量监督检验所,http://www.cqn.com.cn/ms/content/2019-07/06/content_7288287.htm
282,62批（台）医疗器械产品不符合标准规定,2019-07-06 03:06:08,国家药监局,吴江市亿成医疗器械有限公司,,吴江市亿成医疗器械有限公司,,江苏省食品药品监督管理局　,175mm×95mm　,,,2018年5月17日180517,,压力差（Δp）,,,,陕西省医疗器械质量监督检验院,http://www.cqn.com.cn/ms/content/2019-07/06/content_7288287.htm
283,12批产品不符合标准规定,2019-04-01 17:45:01,国家药监局抽检医疗器械,,,,,,,,,,,,,,,,http://www.cqn.com.cn/ms/content/2019-04/01/content_6961236.htm
284,12批产品不符合标准规定,2019-04-01 17:45:01,国家药监局抽检医疗器械,,,,,,,,,,,,,,,,http://www.cqn.com.cn/ms/content/2019-04/01/content_6961236.htm
285,12批产品不符合标准规定,2019-04-01 17:45:01,国家药监局抽检医疗器械,,,,,,,,,,,,,,,,http://www.cqn.com.cn/ms/content/2019-04/01/content_6961236.htm
286,62批（台）医疗器械产品不符合标准规定,2019-07-06 03:06:08,国家药监局,河南省蓝天医疗器械有限公司,,山东省庆云县人民医院,,山东省食品药品监督管理局　,型号：平面形　,,,2018年3月2日01118030206,,压力差（Δp）,,,,北京市医疗器械检验所,http://www.cqn.com.cn/ms/content/2019-07/06/content_7288287.htm
287,62批（台）医疗器械产品不符合标准规定,2019-07-06 03:06:08,国家药监局,南昌卫材医疗器械有限公司,,南昌卫材医疗器械有限公司,,江西省食品药品监督管理局　,A型长方形 M号　,,,2018010220180102,,压力差（Δp）,,,,广东省医疗器械质量监督检验所,http://www.cqn.com.cn/ms/content/2019-07/06/content_7288287.htm
288,12批产品不符合标准规定,2019-04-01 17:45:01,国家药监局抽检医疗器械,,,,,,,,,,,,,,,,http://www.cqn.com.cn/ms/content/2019-04/01/content_6961236.htm
289,12批产品不符合标准规定,2019-04-01 17:45:01,国家药监局抽检医疗器械,,,,,,,,,,,,,,,,http://www.cqn.com.cn/ms/content/2019-04/01/content_6961236.htm
290,12批产品不符合标准规定,2019-04-01 17:45:01,国家药监局抽检医疗器械,,,,,,,,,,,,,,,,http://www.cqn.com.cn/ms/content/2019-04/01/content_6961236.htm
291,62批（台）医疗器械产品不符合标准规定,2019-07-06 03:06:08,国家药监局,滁州国康医疗仪器有限公司,,滁州国康医疗仪器有限公司,,安徽省食品药品监督管理局　,GK-6A　,,,2018年04月20日180420001,,控制器和仪表的标记,,,,天津市医疗器械质量监督检验中心,http://www.cqn.com.cn/ms/content/2019-07/06/content_7288287.htm
292,62批（台）医疗器械产品不符合标准规定,2019-07-06 03:06:08,国家药监局,苏州久久寿医疗器械有限公司,,苏州久久寿医疗器械有限公司,,江苏省食品药品监督管理局　,JJS-A9000A型　,,,2018.3.13JJS-A9A18001,,控制器和仪表的标记,,,,天津市医疗器械质量监督检验中心,http://www.cqn.com.cn/ms/content/2019-07/06/content_7288287.htm
293,12批产品不符合标准规定,2019-04-01 17:45:01,国家药监局抽检医疗器械,,,,,,,,,,,,,,,,http://www.cqn.com.cn/ms/content/2019-04/01/content_6961236.htm
294,12批产品不符合标准规定,2019-04-01 17:45:01,国家药监局抽检医疗器械,,,,,,,,,,,,,,,,http://www.cqn.com.cn/ms/content/2019-04/01/content_6961236.htm
295,62批（台）医疗器械产品不符合标准规定,2019-07-06 03:06:08,国家药监局,南京唐沃医疗科技有限公司,,南京唐沃医疗科技有限公司,,江苏省食品药品监督管理局　,TQY-601-A　,,,2017年09月0217090050,,设备或设备部件的外部标记　,,,,天津市医疗器械质量监督检验中心,http://www.cqn.com.cn/ms/content/2019-07/06/content_7288287.htm
296,62批（台）医疗器械产品不符合标准规定,2019-07-06 03:06:08,国家药监局,Infomed S.A.,,广州德朗医疗设备有限公司,,广东省食品药品监督管理局　,HF440　,,,0771-0172017-09,,设备或设备部件的外部标记,,,,广东省医疗器械质量监督检验所,http://www.cqn.com.cn/ms/content/2019-07/06/content_7288287.htm
297,62批（台）医疗器械产品不符合标准规定,2019-07-06 03:06:08,国家药监局,四川恒明科技开发有限公司,,四川恒明科技开发有限公司,,四川省食品药品监督管理局　,TDP-L3　,,,2018.04.2431804004002,,1.设备或设备部件的外部标记；2.警示标记,,,,天津市医疗器械质量监督检验中心,http://www.cqn.com.cn/ms/content/2019-07/06/content_7288287.htm
298,12批产品不符合标准规定,2019-04-01 17:45:01,国家药监局抽检医疗器械,,,,,,,,,,,,,,,,http://www.cqn.com.cn/ms/content/2019-04/01/content_6961236.htm
299,12批产品不符合标准规定,2019-04-01 17:45:01,国家药监局抽检医疗器械,,,,,,,,,,,,,,,,http://www.cqn.com.cn/ms/content/2019-04/01/content_6961236.htm
300,62批（台）医疗器械产品不符合标准规定,2019-07-06 03:06:08,国家药监局,南京维京九洲医疗器械研发中心,,南京维京九洲医疗器械研发中心,,江苏省食品药品监督管理局　,MTC-3C　,,,2018.5.318050302,,1.设备或设备部件的外部标记；2.设备的外部标记　,,,,天津市医疗器械质量监督检验中心,http://www.cqn.com.cn/ms/content/2019-07/06/content_7288287.htm
301,62批（台）医疗器械产品不符合标准规定,2019-07-06 03:06:08,国家药监局,重庆蜀明科技发展有限公司,,重庆蜀明科技发展有限公司,,重庆市食品药品监督管理局　,HYJ-Ⅱ型　,,,2018年01月21801010,,设备或设备部件的外部标记,,,,天津市医疗器械质量监督检验中心,http://www.cqn.com.cn/ms/content/2019-07/06/content_7288287.htm
302,12批产品不符合标准规定,2019-04-01 17:45:01,国家药监局抽检医疗器械,,,,,,,,,,,,,,,,http://www.cqn.com.cn/ms/content/2019-04/01/content_6961236.htm
303,12批产品不符合标准规定,2019-04-01 17:45:01,国家药监局抽检医疗器械,,,,,,,,,,,,,,,,http://www.cqn.com.cn/ms/content/2019-04/01/content_6961236.htm
304,62批（台）医疗器械产品不符合标准规定,2019-07-06 03:06:08,国家药监局,南京福中医疗高科有限公司,,南京福中医疗高科有限公司,,江苏省食品药品监督管理局　,METI-IVC　,,,2017年7月17日C170717007,,设备或设备部件的外部标记,,,,天津市医疗器械质量监督检验中心,http://www.cqn.com.cn/ms/content/2019-07/06/content_7288287.htm
305,62批（台）医疗器械产品不符合标准规定,2019-07-06 03:06:08,国家药监局,南京维京九洲医疗器械研发中心,,南京维京九洲医疗器械研发中心,,江苏省食品药品监督管理局　,MTC-3　,,,2018.5.1618051601,,设备或设备部件的外部标记,,,,天津市医疗器械质量监督检验中心,http://www.cqn.com.cn/ms/content/2019-07/06/content_7288287.htm
306,12批产品不符合标准规定,2019-04-01 17:45:01,国家药监局抽检医疗器械,,,,,,,,,,,,,,,,http://www.cqn.com.cn/ms/content/2019-04/01/content_6961236.htm
307,12批产品不符合标准规定,2019-04-01 17:45:01,国家药监局抽检医疗器械,,,,,,,,,,,,,,,,http://www.cqn.com.cn/ms/content/2019-04/01/content_6961236.htm
308,62批（台）医疗器械产品不符合标准规定,2019-07-06 03:06:08,国家药监局,深圳市乐中行科技有限公司,,深圳市乐中行科技有限公司,,广东省食品药品监督管理局　,LZX-B1681　,,,PC201801050158,,标识要求　,,,,上海市医疗器械检测所,http://www.cqn.com.cn/ms/content/2019-07/06/content_7288287.htm
309,62批（台）医疗器械产品不符合标准规定,2019-07-06 03:06:08,国家药监局,贝思德迩医疗器材（广州）有限公司,,贝思德迩医疗器材（广州）有限公司,,广东省食品药品监督管理局　,PM-LED04　,,,2018-05-1018D17752-18D17802,,设备或设备部件的外部标记,,,,陕西省医疗器械质量监督检验院,http://www.cqn.com.cn/ms/content/2019-07/06/content_7288287.htm
310,12批产品不符合标准规定,2019-04-01 17:45:01,国家药监局抽检医疗器械,,,,,,,,,,,,,,,,http://www.cqn.com.cn/ms/content/2019-04/01/content_6961236.htm
311,12批产品不符合标准规定,2019-04-01 17:45:01,国家药监局抽检医疗器械,,,,,,,,,,,,,,,,http://www.cqn.com.cn/ms/content/2019-04/01/content_6961236.htm
312,62批（台）医疗器械产品不符合标准规定,2019-07-06 03:06:08,国家药监局,DENTLIGHT INC.,,北京固琦口腔科技有限公司,,北京市食品药品监督管理局　,7500080-08　,,,2016053016FD9AE42955,,设备或设备部件的外部标记,,,,广东省医疗器械质量监督检验所,http://www.cqn.com.cn/ms/content/2019-07/06/content_7288287.htm
313,12批产品不符合标准规定,2019-04-01 17:45:01,国家药监局抽检医疗器械,,,,,,,,,,,,,,,,http://www.cqn.com.cn/ms/content/2019-04/01/content_6961236.htm
314,12批产品不符合标准规定,2019-04-01 17:45:01,国家药监局抽检医疗器械,,,,,,,,,,,,,,,,http://www.cqn.com.cn/ms/content/2019-04/01/content_6961236.htm
315,12批产品不符合标准规定,2019-04-01 17:45:01,国家药监局抽检医疗器械,,,,,,,,,,,,,,,,http://www.cqn.com.cn/ms/content/2019-04/01/content_6961236.htm
316,12批产品不符合标准规定,2019-04-01 17:45:01,国家药监局抽检医疗器械,,,,,,,,,,,,,,,,http://www.cqn.com.cn/ms/content/2019-04/01/content_6961236.htm
317,12批产品不符合标准规定,2019-04-01 17:45:01,国家药监局抽检医疗器械,,,,,,,,,,,,,,,,http://www.cqn.com.cn/ms/content/2019-04/01/content_6961236.htm
318,12批产品不符合标准规定,2019-04-01 17:45:01,国家药监局抽检医疗器械,,,,,,,,,,,,,,,,http://www.cqn.com.cn/ms/content/2019-04/01/content_6961236.htm
319,12批产品不符合标准规定,2019-04-01 17:45:01,国家药监局抽检医疗器械,,,,,,,,,,,,,,,,http://www.cqn.com.cn/ms/content/2019-04/01/content_6961236.htm
320,12批产品不符合标准规定,2019-04-01 17:45:01,国家药监局抽检医疗器械,,,,,,,,,,,,,,,,http://www.cqn.com.cn/ms/content/2019-04/01/content_6961236.htm
321,12批产品不符合标准规定,2019-04-01 17:45:01,国家药监局抽检医疗器械,,,,,,,,,,,,,,,,http://www.cqn.com.cn/ms/content/2019-04/01/content_6961236.htm
322,12批产品不符合标准规定,2019-04-01 17:45:01,国家药监局抽检医疗器械,,,,,,,,,,,,,,,,http://www.cqn.com.cn/ms/content/2019-04/01/content_6961236.htm
323,12批产品不符合标准规定,2019-04-01 17:45:01,国家药监局抽检医疗器械,,,,,,,,,,,,,,,,http://www.cqn.com.cn/ms/content/2019-04/01/content_6961236.htm
324,12批产品不符合标准规定,2019-04-01 17:45:01,国家药监局抽检医疗器械,,,,,,,,,,,,,,,,http://www.cqn.com.cn/ms/content/2019-04/01/content_6961236.htm
325,12批产品不符合标准规定,2019-04-01 17:45:01,国家药监局抽检医疗器械,,,,,,,,,,,,,,,,http://www.cqn.com.cn/ms/content/2019-04/01/content_6961236.htm
326,12批产品不符合标准规定,2019-04-01 17:45:01,国家药监局抽检医疗器械,,,,,,,,,,,,,,,,http://www.cqn.com.cn/ms/content/2019-04/01/content_6961236.htm
327,12批产品不符合标准规定,2019-04-01 17:45:01,国家药监局抽检医疗器械,,,,,,,,,,,,,,,,http://www.cqn.com.cn/ms/content/2019-04/01/content_6961236.htm
328,12批产品不符合标准规定,2019-04-01 17:45:01,国家药监局抽检医疗器械,,,,,,,,,,,,,,,,http://www.cqn.com.cn/ms/content/2019-04/01/content_6961236.htm
329,12批产品不符合标准规定,2019-04-01 17:45:01,国家药监局抽检医疗器械,,,,,,,,,,,,,,,,http://www.cqn.com.cn/ms/content/2019-04/01/content_6961236.htm
330,12批产品不符合标准规定,2019-04-01 17:45:01,国家药监局抽检医疗器械,,,,,,,,,,,,,,,,http://www.cqn.com.cn/ms/content/2019-04/01/content_6961236.htm
331,12批产品不符合标准规定,2019-04-01 17:45:01,国家药监局抽检医疗器械,,,,,,,,,,,,,,,,http://www.cqn.com.cn/ms/content/2019-04/01/content_6961236.htm
332,12批产品不符合标准规定,2019-04-01 17:45:01,国家药监局抽检医疗器械,,,,,,,,,,,,,,,,http://www.cqn.com.cn/ms/content/2019-04/01/content_6961236.htm
333,12批产品不符合标准规定,2019-04-01 17:45:01,国家药监局抽检医疗器械,,,,,,,,,,,,,,,,http://www.cqn.com.cn/ms/content/2019-04/01/content_6961236.htm
334,12批产品不符合标准规定,2019-04-01 17:45:01,国家药监局抽检医疗器械,,,,,,,,,,,,,,,,http://www.cqn.com.cn/ms/content/2019-04/01/content_6961236.htm
335,12批产品不符合标准规定,2019-04-01 17:45:01,国家药监局抽检医疗器械,,,,,,,,,,,,,,,,http://www.cqn.com.cn/ms/content/2019-04/01/content_6961236.htm
336,12批产品不符合标准规定,2019-04-01 17:45:01,国家药监局抽检医疗器械,,,,,,,,,,,,,,,,http://www.cqn.com.cn/ms/content/2019-04/01/content_6961236.htm
337,12批产品不符合标准规定,2019-04-01 17:45:01,国家药监局抽检医疗器械,,,,,,,,,,,,,,,,http://www.cqn.com.cn/ms/content/2019-04/01/content_6961236.htm
338,12批产品不符合标准规定,2019-04-01 17:45:01,国家药监局抽检医疗器械,,,,,,,,,,,,,,,,http://www.cqn.com.cn/ms/content/2019-04/01/content_6961236.htm
339,12批产品不符合标准规定,2019-04-01 17:45:01,国家药监局抽检医疗器械,,,,,,,,,,,,,,,,http://www.cqn.com.cn/ms/content/2019-04/01/content_6961236.htm
340,12批产品不符合标准规定,2019-04-01 17:45:01,国家药监局抽检医疗器械,,,,,,,,,,,,,,,,http://www.cqn.com.cn/ms/content/2019-04/01/content_6961236.htm
341,12批产品不符合标准规定,2019-04-01 17:45:01,国家药监局抽检医疗器械,,,,,,,,,,,,,,,,http://www.cqn.com.cn/ms/content/2019-04/01/content_6961236.htm
342,12批产品不符合标准规定,2019-04-01 17:45:01,国家药监局抽检医疗器械,,,,,,,,,,,,,,,,http://www.cqn.com.cn/ms/content/2019-04/01/content_6961236.htm
343,12批产品不符合标准规定,2019-04-01 17:45:01,国家药监局抽检医疗器械,,,,,,,,,,,,,,,,http://www.cqn.com.cn/ms/content/2019-04/01/content_6961236.htm
344,12批产品不符合标准规定,2019-04-01 17:45:01,国家药监局抽检医疗器械,,,,,,,,,,,,,,,,http://www.cqn.com.cn/ms/content/2019-04/01/content_6961236.htm
345,12批产品不符合标准规定,2019-04-01 17:45:01,国家药监局抽检医疗器械,,,,,,,,,,,,,,,,http://www.cqn.com.cn/ms/content/2019-04/01/content_6961236.htm
346,12批产品不符合标准规定,2019-04-01 17:45:01,国家药监局抽检医疗器械,,,,,,,,,,,,,,,,http://www.cqn.com.cn/ms/content/2019-04/01/content_6961236.htm
347,12批产品不符合标准规定,2019-04-01 17:45:01,国家药监局抽检医疗器械,,,,,,,,,,,,,,,,http://www.cqn.com.cn/ms/content/2019-04/01/content_6961236.htm
348,12批产品不符合标准规定,2019-04-01 17:45:01,国家药监局抽检医疗器械,,,,,,,,,,,,,,,,http://www.cqn.com.cn/ms/content/2019-04/01/content_6961236.htm
349,12批产品不符合标准规定,2019-04-01 17:45:01,国家药监局抽检医疗器械,,,,,,,,,,,,,,,,http://www.cqn.com.cn/ms/content/2019-04/01/content_6961236.htm
350,12批产品不符合标准规定,2019-04-01 17:45:01,国家药监局抽检医疗器械,,,,,,,,,,,,,,,,http://www.cqn.com.cn/ms/content/2019-04/01/content_6961236.htm
351,12批产品不符合标准规定,2019-04-01 17:45:01,国家药监局抽检医疗器械,,,,,,,,,,,,,,,,http://www.cqn.com.cn/ms/content/2019-04/01/content_6961236.htm
352,12批产品不符合标准规定,2019-04-01 17:45:01,国家药监局抽检医疗器械,,,,,,,,,,,,,,,,http://www.cqn.com.cn/ms/content/2019-04/01/content_6961236.htm
353,12批产品不符合标准规定,2019-04-01 17:45:01,国家药监局抽检医疗器械,,,,,,,,,,,,,,,,http://www.cqn.com.cn/ms/content/2019-04/01/content_6961236.htm
354,12批产品不符合标准规定,2019-04-01 17:45:01,国家药监局抽检医疗器械,,,,,,,,,,,,,,,,http://www.cqn.com.cn/ms/content/2019-04/01/content_6961236.htm
355,12批产品不符合标准规定,2019-04-01 17:45:01,国家药监局抽检医疗器械,,,,,,,,,,,,,,,,http://www.cqn.com.cn/ms/content/2019-04/01/content_6961236.htm
356,12批产品不符合标准规定,2019-04-01 17:45:01,国家药监局抽检医疗器械,,,,,,,,,,,,,,,,http://www.cqn.com.cn/ms/content/2019-04/01/content_6961236.htm
357,12批产品不符合标准规定,2019-04-01 17:45:01,国家药监局抽检医疗器械,,,,,,,,,,,,,,,,http://www.cqn.com.cn/ms/content/2019-04/01/content_6961236.htm
358,12批产品不符合标准规定,2019-04-01 17:45:01,国家药监局抽检医疗器械,,,,,,,,,,,,,,,,http://www.cqn.com.cn/ms/content/2019-04/01/content_6961236.htm
359,12批产品不符合标准规定,2019-04-01 17:45:01,国家药监局抽检医疗器械,,,,,,,,,,,,,,,,http://www.cqn.com.cn/ms/content/2019-04/01/content_6961236.htm
360,12批产品不符合标准规定,2019-04-01 17:45:01,国家药监局抽检医疗器械,,,,,,,,,,,,,,,,http://www.cqn.com.cn/ms/content/2019-04/01/content_6961236.htm
361,12批产品不符合标准规定,2019-04-01 17:45:01,国家药监局抽检医疗器械,,,,,,,,,,,,,,,,http://www.cqn.com.cn/ms/content/2019-04/01/content_6961236.htm
362,12批产品不符合标准规定,2019-04-01 17:45:01,国家药监局抽检医疗器械,,,,,,,,,,,,,,,,http://www.cqn.com.cn/ms/content/2019-04/01/content_6961236.htm
363,12批产品不符合标准规定,2019-04-01 17:45:01,国家药监局抽检医疗器械,,,,,,,,,,,,,,,,http://www.cqn.com.cn/ms/content/2019-04/01/content_6961236.htm
364,12批产品不符合标准规定,2019-04-01 17:45:01,国家药监局抽检医疗器械,,,,,,,,,,,,,,,,http://www.cqn.com.cn/ms/content/2019-04/01/content_6961236.htm
365,12批产品不符合标准规定,2019-04-01 17:45:01,国家药监局抽检医疗器械,,,,,,,,,,,,,,,,http://www.cqn.com.cn/ms/content/2019-04/01/content_6961236.htm
366,12批产品不符合标准规定,2019-04-01 17:45:01,国家药监局抽检医疗器械,,,,,,,,,,,,,,,,http://www.cqn.com.cn/ms/content/2019-04/01/content_6961236.htm
367,12批产品不符合标准规定,2019-04-01 17:45:01,国家药监局抽检医疗器械,,,,,,,,,,,,,,,,http://www.cqn.com.cn/ms/content/2019-04/01/content_6961236.htm
368,12批产品不符合标准规定,2019-04-01 17:45:01,国家药监局抽检医疗器械,,,,,,,,,,,,,,,,http://www.cqn.com.cn/ms/content/2019-04/01/content_6961236.htm
369,12批产品不符合标准规定,2019-04-01 17:45:01,国家药监局抽检医疗器械,,,,,,,,,,,,,,,,http://www.cqn.com.cn/ms/content/2019-04/01/content_6961236.htm
370,12批产品不符合标准规定,2019-04-01 17:45:01,国家药监局抽检医疗器械,,,,,,,,,,,,,,,,http://www.cqn.com.cn/ms/content/2019-04/01/content_6961236.htm
371,12批产品不符合标准规定,2019-04-01 17:45:01,国家药监局抽检医疗器械,,,,,,,,,,,,,,,,http://www.cqn.com.cn/ms/content/2019-04/01/content_6961236.htm
372,12批产品不符合标准规定,2019-04-01 17:45:01,国家药监局抽检医疗器械,,,,,,,,,,,,,,,,http://www.cqn.com.cn/ms/content/2019-04/01/content_6961236.htm
373,12批产品不符合标准规定,2019-04-01 17:45:01,国家药监局抽检医疗器械,,,,,,,,,,,,,,,,http://www.cqn.com.cn/ms/content/2019-04/01/content_6961236.htm
374,12批产品不符合标准规定,2019-04-01 17:45:01,国家药监局抽检医疗器械,,,,,,,,,,,,,,,,http://www.cqn.com.cn/ms/content/2019-04/01/content_6961236.htm
375,12批产品不符合标准规定,2019-04-01 17:45:01,国家药监局抽检医疗器械,,,,,,,,,,,,,,,,http://www.cqn.com.cn/ms/content/2019-04/01/content_6961236.htm
376,12批产品不符合标准规定,2019-04-01 17:45:01,国家药监局抽检医疗器械,,,,,,,,,,,,,,,,http://www.cqn.com.cn/ms/content/2019-04/01/content_6961236.htm
377,12批产品不符合标准规定,2019-04-01 17:45:01,国家药监局抽检医疗器械,,,,,,,,,,,,,,,,http://www.cqn.com.cn/ms/content/2019-04/01/content_6961236.htm
378,12批产品不符合标准规定,2019-04-01 17:45:01,国家药监局抽检医疗器械,,,,,,,,,,,,,,,,http://www.cqn.com.cn/ms/content/2019-04/01/content_6961236.htm
379,12批产品不符合标准规定,2019-04-01 17:45:01,国家药监局抽检医疗器械,,,,,,,,,,,,,,,,http://www.cqn.com.cn/ms/content/2019-04/01/content_6961236.htm
380,12批产品不符合标准规定,2019-04-01 17:45:01,国家药监局抽检医疗器械,,,,,,,,,,,,,,,,http://www.cqn.com.cn/ms/content/2019-04/01/content_6961236.htm
381,12批产品不符合标准规定,2019-04-01 17:45:01,国家药监局抽检医疗器械,,,,,,,,,,,,,,,,http://www.cqn.com.cn/ms/content/2019-04/01/content_6961236.htm
382,12批产品不符合标准规定,2019-04-01 17:45:01,国家药监局抽检医疗器械,,,,,,,,,,,,,,,,http://www.cqn.com.cn/ms/content/2019-04/01/content_6961236.htm
383,12批产品不符合标准规定,2019-04-01 17:45:01,国家药监局抽检医疗器械,,,,,,,,,,,,,,,,http://www.cqn.com.cn/ms/content/2019-04/01/content_6961236.htm
384,12批产品不符合标准规定,2019-04-01 17:45:01,国家药监局抽检医疗器械,,,,,,,,,,,,,,,,http://www.cqn.com.cn/ms/content/2019-04/01/content_6961236.htm
385,12批产品不符合标准规定,2019-04-01 17:45:01,国家药监局抽检医疗器械,,,,,,,,,,,,,,,,http://www.cqn.com.cn/ms/content/2019-04/01/content_6961236.htm
